version,circuit,trojan,old_status,new_status,transition,old_runtime_ms,new_runtime_ms,old_over_new_runtime,old_area_delta,new_reported_area_delta,old_level_delta,new_reported_level_delta
v0,aes,aes_trojan1,PASS,PASS,PASS_STABLE,83199.400,89088.400,0.933897,-1,-1,-8,-8
v0,c2670,c2670_trojan0,PASS,PASS,PASS_STABLE,566.140,599.998,0.943570,-1,-1,0,0
v0,c2670,c2670_trojan1,PASS,PASS,PASS_STABLE,620.549,439.352,1.412419,-1,-1,0,0
v0,c2670,c2670_trojan10,PASS,PASS,PASS_STABLE,1949.670,1189.020,1.639729,-1,-1,0,0
v0,c2670,c2670_trojan11,PASS,PASS,PASS_STABLE,644.988,594.275,1.085336,-1,-1,-14,-14
v0,c2670,c2670_trojan12,CEC_FAIL,PASS,GAIN,541.770,638.083,,1,-1,0,0
v0,c2670,c2670_trojan13,PASS,PASS,PASS_STABLE,465.457,380.757,1.222452,-1,-1,0,0
v0,c2670,c2670_trojan14,PASS,PASS,PASS_STABLE,664.176,481.736,1.378714,-1,-1,0,0
v0,c2670,c2670_trojan15,CEC_FAIL,PASS,GAIN,675.960,827.012,,1,-1,1,0
v0,c2670,c2670_trojan16,CEC_FAIL,PASS,GAIN,539.015,843.667,,1,-1,1,0
v0,c2670,c2670_trojan17,PASS,PASS,PASS_STABLE,582.905,515.891,1.129900,-1,-1,0,0
v0,c2670,c2670_trojan18,PASS,PASS,PASS_STABLE,878.363,566.610,1.550207,-1,-1,0,0
v0,c2670,c2670_trojan19,PASS,PASS,PASS_STABLE,724.511,510.685,1.418704,-1,-1,-8,-8
v0,c2670,c2670_trojan2,PASS,PASS,PASS_STABLE,647.454,546.525,1.184674,-1,-1,0,0
v0,c2670,c2670_trojan20,PASS,PASS,PASS_STABLE,555.268,365.975,1.517229,-1,-1,-13,-13
v0,c2670,c2670_trojan21,PASS,PASS,PASS_STABLE,465.363,423.802,1.098067,-1,-1,-13,-13
v0,c2670,c2670_trojan22,PASS,PASS,PASS_STABLE,533.577,433.748,1.230154,-1,-1,0,0
v0,c2670,c2670_trojan23,PASS,PASS,PASS_STABLE,717.642,617.001,1.163113,-1,-1,-12,-12
v0,c2670,c2670_trojan24,PASS,PASS,PASS_STABLE,1663.630,949.350,1.752388,-1,-1,0,0
v0,c2670,c2670_trojan25,PASS,PASS,PASS_STABLE,1419.780,748.691,1.896350,-1,-1,-12,-12
v0,c2670,c2670_trojan26,PASS,PASS,PASS_STABLE,554.325,422.941,1.310644,-1,-1,-11,-11
v0,c2670,c2670_trojan27,PASS,PASS,PASS_STABLE,545.799,485.670,1.123806,-1,-1,0,0
v0,c2670,c2670_trojan28,CEC_FAIL,PASS,GAIN,928.211,1027.020,,1,-1,1,0
v0,c2670,c2670_trojan29,PASS,PASS,PASS_STABLE,664.294,451.136,1.472492,-1,-1,0,0
v0,c2670,c2670_trojan3,CEC_FAIL,PASS,GAIN,862.309,980.530,,1,-1,1,0
v0,c2670,c2670_trojan30,PASS,PASS,PASS_STABLE,676.700,461.031,1.467797,-1,-1,0,0
v0,c2670,c2670_trojan31,PASS,PASS,PASS_STABLE,1062.810,540.226,1.967343,-1,-1,-11,-11
v0,c2670,c2670_trojan32,PASS,PASS,PASS_STABLE,556.341,417.882,1.331335,-1,-1,0,0
v0,c2670,c2670_trojan33,PASS,PASS,PASS_STABLE,468.157,371.132,1.261430,-1,-1,0,0
v0,c2670,c2670_trojan34,PASS,PASS,PASS_STABLE,633.171,527.068,1.201308,-1,-1,0,0
v0,c2670,c2670_trojan35,PASS,PASS,PASS_STABLE,513.766,454.699,1.129904,-1,-1,0,0
v0,c2670,c2670_trojan36,PASS,PASS,PASS_STABLE,619.379,440.980,1.404551,-1,-1,-12,-12
v0,c2670,c2670_trojan37,PASS,PASS,PASS_STABLE,547.015,424.623,1.288237,-1,-1,-14,-14
v0,c2670,c2670_trojan38,PASS,PASS,PASS_STABLE,503.078,438.936,1.146131,-1,-1,0,0
v0,c2670,c2670_trojan39,PASS,PASS,PASS_STABLE,484.696,383.802,1.262880,-1,-1,-11,-11
v0,c2670,c2670_trojan4,PASS,PASS,PASS_STABLE,547.322,401.985,1.361548,-1,-1,0,0
v0,c2670,c2670_trojan40,PASS,PASS,PASS_STABLE,826.657,586.519,1.409429,-1,-1,-13,-13
v0,c2670,c2670_trojan41,PASS,PASS,PASS_STABLE,1038.680,926.175,1.121473,-1,-1,-13,-13
v0,c2670,c2670_trojan42,PASS,PASS,PASS_STABLE,756.927,574.864,1.316706,-1,-1,-9,-9
v0,c2670,c2670_trojan43,PASS,PASS,PASS_STABLE,2435.280,1879.610,1.295630,-1,-1,-9,-9
v0,c2670,c2670_trojan44,PASS,PASS,PASS_STABLE,451.783,414.119,1.090950,-1,-1,0,0
v0,c2670,c2670_trojan45,PASS,PASS,PASS_STABLE,539.619,466.507,1.156722,-1,-1,0,0
v0,c2670,c2670_trojan46,PASS,PASS,PASS_STABLE,1783.180,1033.090,1.726065,-1,-1,-11,-11
v0,c2670,c2670_trojan47,PASS,PASS,PASS_STABLE,753.308,614.101,1.226684,-1,-1,0,0
v0,c2670,c2670_trojan48,PASS,PASS,PASS_STABLE,1167.230,991.991,1.176654,-1,-1,-12,-12
v0,c2670,c2670_trojan49,PASS,PASS,PASS_STABLE,712.541,468.107,1.522175,-1,-1,-13,-13
v0,c2670,c2670_trojan5,PASS,PASS,PASS_STABLE,625.285,445.251,1.404343,-1,-1,0,0
v0,c2670,c2670_trojan50,PASS,PASS,PASS_STABLE,490.767,376.374,1.303934,-1,-1,-3,-3
v0,c2670,c2670_trojan51,CEC_FAIL,PASS,GAIN,602.197,653.198,,1,-1,1,-3
v0,c2670,c2670_trojan52,PASS,PASS,PASS_STABLE,941.612,581.914,1.618129,-1,-1,0,0
v0,c2670,c2670_trojan53,PASS,PASS,PASS_STABLE,2633.110,1592.000,1.653964,-1,-1,-5,-5
v0,c2670,c2670_trojan54,PASS,PASS,PASS_STABLE,576.188,504.983,1.141005,-1,-1,0,0
v0,c2670,c2670_trojan55,PASS,PASS,PASS_STABLE,530.130,448.131,1.182980,-1,-1,0,0
v0,c2670,c2670_trojan56,PASS,PASS,PASS_STABLE,689.776,501.562,1.375256,-1,-1,-5,-5
v0,c2670,c2670_trojan57,PASS,PASS,PASS_STABLE,700.466,569.241,1.230526,-1,-1,-2,-2
v0,c2670,c2670_trojan58,PASS,PASS,PASS_STABLE,923.029,608.125,1.517828,-1,-1,0,0
v0,c2670,c2670_trojan59,PASS,PASS,PASS_STABLE,450.336,389.082,1.157432,-1,-1,-6,-6
v0,c2670,c2670_trojan6,PASS,PASS,PASS_STABLE,779.264,536.196,1.453319,-1,-1,0,0
v0,c2670,c2670_trojan60,PASS,PASS,PASS_STABLE,1446.160,941.192,1.536520,-1,-1,0,0
v0,c2670,c2670_trojan61,PASS,PASS,PASS_STABLE,697.928,499.262,1.397919,-1,-1,-2,-2
v0,c2670,c2670_trojan62,CEC_FAIL,PASS,GAIN,591.309,704.751,,1,-1,1,-3
v0,c2670,c2670_trojan63,PASS,PASS,PASS_STABLE,537.417,384.395,1.398085,-1,-1,-5,-5
v0,c2670,c2670_trojan64,PASS,PASS,PASS_STABLE,1060.110,780.080,1.358976,-1,-1,-7,-7
v0,c2670,c2670_trojan65,CEC_FAIL,PASS,GAIN,765.157,798.433,,1,-1,1,-2
v0,c2670,c2670_trojan66,CEC_FAIL,PASS,GAIN,529.575,655.810,,1,-1,1,-3
v0,c2670,c2670_trojan67,PASS,PASS,PASS_STABLE,567.900,558.537,1.016763,-1,-1,0,0
v0,c2670,c2670_trojan68,PASS,PASS,PASS_STABLE,551.233,405.600,1.359056,-1,-1,-3,-3
v0,c2670,c2670_trojan69,PASS,PASS,PASS_STABLE,616.873,523.713,1.177884,-1,-1,0,0
v0,c2670,c2670_trojan7,PASS,PASS,PASS_STABLE,666.408,530.244,1.256795,-1,-1,-12,-12
v0,c2670,c2670_trojan70,PASS,PASS,PASS_STABLE,493.087,380.596,1.295565,-1,-1,-2,-2
v0,c2670,c2670_trojan71,PASS,PASS,PASS_STABLE,1205.040,895.187,1.346132,-1,-1,-2,-2
v0,c2670,c2670_trojan72,PASS,PASS,PASS_STABLE,450.105,383.598,1.173377,-1,-1,-3,-3
v0,c2670,c2670_trojan73,PASS,PASS,PASS_STABLE,747.763,569.923,1.312042,-1,-1,-2,-2
v0,c2670,c2670_trojan74,PASS,PASS,PASS_STABLE,928.610,654.132,1.419606,-1,-1,0,0
v0,c2670,c2670_trojan75,PASS,PASS,PASS_STABLE,3976.730,2646.350,1.502723,-1,-1,-5,-5
v0,c2670,c2670_trojan76,PASS,PASS,PASS_STABLE,433.055,413.319,1.047750,-1,-1,-2,-2
v0,c2670,c2670_trojan77,PASS,PASS,PASS_STABLE,648.017,451.455,1.435397,-1,-1,0,0
v0,c2670,c2670_trojan78,PASS,PASS,PASS_STABLE,2688.910,1553.950,1.730371,-1,-1,-5,-5
v0,c2670,c2670_trojan79,PASS,PASS,PASS_STABLE,1183.670,925.730,1.278634,-1,-1,0,0
v0,c2670,c2670_trojan8,PASS,PASS,PASS_STABLE,821.179,558.679,1.469858,-1,-1,-13,-13
v0,c2670,c2670_trojan80,PASS,PASS,PASS_STABLE,1450.470,909.300,1.595150,-1,-1,-3,-3
v0,c2670,c2670_trojan81,PASS,PASS,PASS_STABLE,2835.150,1662.270,1.705589,-1,-1,-2,-2
v0,c2670,c2670_trojan82,PASS,PASS,PASS_STABLE,537.021,407.472,1.317934,-1,-1,0,0
v0,c2670,c2670_trojan83,CEC_FAIL,PASS,GAIN,558.668,864.160,,1,-1,1,0
v0,c2670,c2670_trojan84,PASS,PASS,PASS_STABLE,667.594,526.760,1.267359,-1,-1,0,0
v0,c2670,c2670_trojan85,PASS,PASS,PASS_STABLE,512.242,504.303,1.015743,-1,-1,0,0
v0,c2670,c2670_trojan86,PASS,PASS,PASS_STABLE,789.839,633.198,1.247381,-1,-1,0,0
v0,c2670,c2670_trojan87,PASS,PASS,PASS_STABLE,696.986,500.971,1.391270,-1,-1,-2,-2
v0,c2670,c2670_trojan88,PASS,PASS,PASS_STABLE,603.408,554.310,1.088575,-1,-1,0,0
v0,c2670,c2670_trojan89,PASS,PASS,PASS_STABLE,675.030,490.278,1.376831,-1,-1,-1,-1
v0,c2670,c2670_trojan9,PASS,PASS,PASS_STABLE,441.951,444.369,0.994559,-1,-1,-12,-12
v0,c2670,c2670_trojan90,PASS,PASS,PASS_STABLE,760.047,604.038,1.258277,-1,-1,0,0
v0,c2670,c2670_trojan91,PASS,PASS,PASS_STABLE,1960.870,1157.360,1.694261,-1,-1,-7,-7
v0,c2670,c2670_trojan92,PASS,PASS,PASS_STABLE,1064.070,756.135,1.407249,-1,-1,-7,-7
v0,c2670,c2670_trojan93,PASS,PASS,PASS_STABLE,712.848,520.263,1.370169,-1,-1,0,0
v0,c2670,c2670_trojan94,PASS,PASS,PASS_STABLE,754.204,616.392,1.223579,-1,-1,-4,-4
v0,c2670,c2670_trojan95,PASS,PASS,PASS_STABLE,660.058,466.327,1.415440,-1,-1,0,0
v0,c2670,c2670_trojan96,PASS,PASS,PASS_STABLE,2048.290,1167.360,1.754634,-1,-1,-7,-7
v0,c2670,c2670_trojan97,PASS,PASS,PASS_STABLE,821.142,589.055,1.393999,-1,-1,-7,-7
v0,c2670,c2670_trojan98,PASS,PASS,PASS_STABLE,1340.780,867.512,1.545546,-1,-1,0,0
v0,c2670,c2670_trojan99,PASS,PASS,PASS_STABLE,1035.140,730.854,1.416343,-1,-1,-2,-2
v0,c3540,c3540_trojan0,PASS,PASS,PASS_STABLE,15482.800,5314.320,2.913411,2,-1,0,0
v0,c3540,c3540_trojan1,PASS,PASS,PASS_STABLE,3814.600,2670.300,1.428529,-1,-1,0,0
v0,c3540,c3540_trojan10,PASS,PASS,PASS_STABLE,11218.600,2906.690,3.859579,2,-1,1,0
v0,c3540,c3540_trojan11,PASS,PASS,PASS_STABLE,11764.000,5804.980,2.026536,-1,-1,0,0
v0,c3540,c3540_trojan12,PASS,PASS,PASS_STABLE,3062.600,1074.490,2.850282,2,-1,1,0
v0,c3540,c3540_trojan13,PASS,PASS,PASS_STABLE,2566.640,898.147,2.857706,2,-1,0,0
v0,c3540,c3540_trojan14,PASS,PASS,PASS_STABLE,3566.930,1910.110,1.867395,-1,-1,0,0
v0,c3540,c3540_trojan15,PASS,PASS,PASS_STABLE,3399.480,1844.200,1.843336,-1,-1,0,0
v0,c3540,c3540_trojan16,PASS,PASS,PASS_STABLE,2086.390,749.660,2.783115,2,-1,1,-6
v0,c3540,c3540_trojan17,PASS,PASS,PASS_STABLE,18416.200,4998.360,3.684448,2,-1,0,0
v0,c3540,c3540_trojan18,PASS,PASS,PASS_STABLE,11996.100,4147.700,2.892229,-1,-1,0,0
v0,c3540,c3540_trojan19,PASS,PASS,PASS_STABLE,779.733,710.950,1.096748,-1,-1,0,0
v0,c3540,c3540_trojan2,PASS,PASS,PASS_STABLE,17900.300,7618.000,2.349737,-1,-1,0,0
v0,c3540,c3540_trojan20,PASS,PASS,PASS_STABLE,3742.500,2218.840,1.686692,-1,-1,0,0
v0,c3540,c3540_trojan21,PASS,PASS,PASS_STABLE,4033.340,3590.380,1.123374,-1,-1,0,0
v0,c3540,c3540_trojan22,PASS,PASS,PASS_STABLE,3411.000,8435.320,0.404371,-1,-1,-4,-4
v0,c3540,c3540_trojan23,PASS,PASS,PASS_STABLE,3534.370,3537.440,0.999132,-1,-1,0,0
v0,c3540,c3540_trojan24,PASS,PASS,PASS_STABLE,5660.530,3575.600,1.583099,-1,-1,0,0
v0,c3540,c3540_trojan25,PASS,PASS,PASS_STABLE,554.997,505.760,1.097352,-1,-1,-4,-4
v0,c3540,c3540_trojan26,PASS,PASS,PASS_STABLE,2277.620,748.309,3.043689,-1,-1,0,0
v0,c3540,c3540_trojan27,PASS,PASS,PASS_STABLE,2436.250,1209.540,2.014195,-1,-1,0,0
v0,c3540,c3540_trojan28,PASS,PASS,PASS_STABLE,9391.670,2094.180,4.484653,2,-1,1,0
v0,c3540,c3540_trojan29,PASS,PASS,PASS_STABLE,1711.790,640.050,2.674463,-1,-1,0,0
v0,c3540,c3540_trojan3,PASS,PASS,PASS_STABLE,3325.290,2021.960,1.644587,-1,-1,-6,-6
v0,c3540,c3540_trojan30,PASS,PASS,PASS_STABLE,3173.210,1743.960,1.819543,-1,-1,0,0
v0,c3540,c3540_trojan31,PASS,PASS,PASS_STABLE,10263.200,2893.010,3.547585,2,-1,1,0
v0,c3540,c3540_trojan32,PASS,PASS,PASS_STABLE,3153.840,1813.490,1.739100,-1,-1,0,0
v0,c3540,c3540_trojan33,PASS,PASS,PASS_STABLE,2773.900,867.308,3.198287,2,-1,0,0
v0,c3540,c3540_trojan34,PASS,PASS,PASS_STABLE,756.006,571.236,1.323457,-1,-1,0,0
v0,c3540,c3540_trojan35,PASS,PASS,PASS_STABLE,15824.300,4708.760,3.360609,2,-1,0,0
v0,c3540,c3540_trojan36,PASS,PASS,PASS_STABLE,10150.200,6741.450,1.505640,-1,-1,0,0
v0,c3540,c3540_trojan37,CEC_FAIL,PASS,GAIN,560.533,1620.970,,2,-1,1,0
v0,c3540,c3540_trojan38,PASS,PASS,PASS_STABLE,2119.040,669.197,3.166541,2,-1,0,0
v0,c3540,c3540_trojan39,PASS,PASS,PASS_STABLE,6763.040,1862.150,3.631845,2,-1,1,0
v0,c3540,c3540_trojan4,PASS,PASS,PASS_STABLE,4009.910,2793.260,1.435566,-1,-1,0,0
v0,c3540,c3540_trojan40,PASS,PASS,PASS_STABLE,12713.100,10860.000,1.170635,-1,-1,0,0
v0,c3540,c3540_trojan41,PASS,PASS,PASS_STABLE,1741.520,969.020,1.797197,3,3,1,1
v0,c3540,c3540_trojan42,PASS,PASS,PASS_STABLE,6550.010,5087.490,1.287474,2,2,1,1
v0,c3540,c3540_trojan43,PASS,PASS,PASS_STABLE,8165.910,2750.240,2.969163,2,-1,1,0
v0,c3540,c3540_trojan44,PASS,PASS,PASS_STABLE,1305.120,497.839,2.621570,2,-1,0,0
v0,c3540,c3540_trojan45,PASS,PASS,PASS_STABLE,9663.210,5068.870,1.906383,2,-1,1,0
v0,c3540,c3540_trojan46,PASS,PASS,PASS_STABLE,2869.570,1712.850,1.675319,2,2,0,0
v0,c3540,c3540_trojan47,PASS,PASS,PASS_STABLE,10204.900,3233.030,3.156451,2,-1,0,0
v0,c3540,c3540_trojan48,PASS,PASS,PASS_STABLE,3253.910,2814.300,1.156206,2,-1,1,0
v0,c3540,c3540_trojan49,PASS,PASS,PASS_STABLE,1573.730,997.199,1.578150,-1,-1,0,0
v0,c3540,c3540_trojan5,PASS,PASS,PASS_STABLE,9730.740,6102.170,1.594636,-1,-1,0,0
v0,c3540,c3540_trojan50,PASS,PASS,PASS_STABLE,11915.600,3703.280,3.217580,3,-1,0,0
v0,c3540,c3540_trojan51,PASS,PASS,PASS_STABLE,5421.590,3225.790,1.680701,-1,-1,0,0
v0,c3540,c3540_trojan52,PASS,PASS,PASS_STABLE,18147.600,12616.300,1.438425,-1,-1,0,0
v0,c3540,c3540_trojan53,PASS,PASS,PASS_STABLE,4247.240,2529.870,1.678837,-1,-1,0,0
v0,c3540,c3540_trojan54,PASS,PASS,PASS_STABLE,9360.790,4841.080,1.933616,-1,-1,0,0
v0,c3540,c3540_trojan55,PASS,PASS,PASS_STABLE,10425.600,7701.040,1.353791,-1,-1,0,0
v0,c3540,c3540_trojan56,PASS,PASS,PASS_STABLE,705.857,627.845,1.124254,-1,-1,0,0
v0,c3540,c3540_trojan57,PASS,PASS,PASS_STABLE,2147.460,1221.110,1.758613,-1,-1,0,0
v0,c3540,c3540_trojan58,PASS,PASS,PASS_STABLE,3114.070,1917.910,1.623679,-1,-1,0,0
v0,c3540,c3540_trojan59,PASS,PASS,PASS_STABLE,3655.980,2640.940,1.384348,-1,-1,0,0
v0,c3540,c3540_trojan6,PASS,PASS,PASS_STABLE,1714.770,542.608,3.160237,2,-1,1,0
v0,c3540,c3540_trojan60,PASS,PASS,PASS_STABLE,6122.430,3842.370,1.593399,-1,-1,0,0
v0,c3540,c3540_trojan61,PASS,PASS,PASS_STABLE,15550.500,12277.100,1.266626,-1,-1,0,0
v0,c3540,c3540_trojan62,PASS,PASS,PASS_STABLE,1061.740,938.161,1.131725,-1,-1,0,0
v0,c3540,c3540_trojan63,PASS,PASS,PASS_STABLE,2837.840,1756.070,1.616018,-1,-1,0,0
v0,c3540,c3540_trojan64,PASS,PASS,PASS_STABLE,3210.200,1901.650,1.688113,-1,-1,0,0
v0,c3540,c3540_trojan65,PASS,PASS,PASS_STABLE,6676.460,4377.600,1.525142,-1,-1,0,0
v0,c3540,c3540_trojan66,PASS,PASS,PASS_STABLE,22111.000,7136.170,3.098441,3,-1,0,0
v0,c3540,c3540_trojan67,PASS,PASS,PASS_STABLE,13362.300,6888.120,1.939905,-1,-1,0,0
v0,c3540,c3540_trojan68,PASS,PASS,PASS_STABLE,11212.400,6789.430,1.651449,-1,-1,0,0
v0,c3540,c3540_trojan69,PASS,PASS,PASS_STABLE,1301.660,1027.380,1.266970,-1,-1,0,0
v0,c3540,c3540_trojan7,PASS,PASS,PASS_STABLE,2183.010,1198.780,1.821026,-1,-1,0,0
v0,c3540,c3540_trojan70,PASS,PASS,PASS_STABLE,10158.100,2647.800,3.836430,2,-1,0,0
v0,c3540,c3540_trojan71,PASS,PASS,PASS_STABLE,2962.120,1647.280,1.798189,-1,-1,0,0
v0,c3540,c3540_trojan72,PASS,PASS,PASS_STABLE,3626.610,2028.440,1.787881,-1,-1,0,0
v0,c3540,c3540_trojan73,PASS,PASS,PASS_STABLE,3686.330,2152.180,1.712835,-1,-1,0,0
v0,c3540,c3540_trojan74,PASS,PASS,PASS_STABLE,5381.800,3448.640,1.560557,-1,-1,0,0
v0,c3540,c3540_trojan75,PASS,PASS,PASS_STABLE,488.562,507.749,0.962212,-1,-1,0,0
v0,c3540,c3540_trojan76,PASS,PASS,PASS_STABLE,1147.520,848.272,1.352774,-1,-1,0,0
v0,c3540,c3540_trojan77,PASS,PASS,PASS_STABLE,2356.780,1369.900,1.720403,-1,-1,0,0
v0,c3540,c3540_trojan78,PASS,PASS,PASS_STABLE,1932.150,741.692,2.605057,3,-1,0,0
v0,c3540,c3540_trojan79,PASS,PASS,PASS_STABLE,2849.540,1697.360,1.678807,-1,-1,0,0
v0,c3540,c3540_trojan8,PASS,PASS,PASS_STABLE,2851.640,1689.680,1.687681,-1,-1,0,0
v0,c3540,c3540_trojan80,PASS,PASS,PASS_STABLE,3353.730,1990.030,1.685266,-1,-1,0,0
v0,c3540,c3540_trojan81,PASS,PASS,PASS_STABLE,22616.700,7666.080,2.950230,3,-1,0,0
v0,c3540,c3540_trojan82,PASS,PASS,PASS_STABLE,3716.880,2401.280,1.547874,-1,-1,0,0
v0,c3540,c3540_trojan83,PASS,PASS,PASS_STABLE,2520.810,974.777,2.586038,3,-1,0,0
v0,c3540,c3540_trojan84,PASS,PASS,PASS_STABLE,6804.170,3256.390,2.089483,2,-1,0,0
v0,c3540,c3540_trojan85,PASS,PASS,PASS_STABLE,1429.490,559.889,2.553167,3,-1,0,0
v0,c3540,c3540_trojan86,PASS,PASS,PASS_STABLE,24997.100,10820.200,2.310225,-1,-1,0,0
v0,c3540,c3540_trojan87,PASS,PASS,PASS_STABLE,509.007,509.601,0.998834,-1,-1,0,0
v0,c3540,c3540_trojan88,PASS,PASS,PASS_STABLE,5567.480,1802.330,3.089046,3,-1,0,0
v0,c3540,c3540_trojan89,PASS,PASS,PASS_STABLE,3440.270,2092.090,1.644418,-1,-1,0,0
v0,c3540,c3540_trojan9,PASS,PASS,PASS_STABLE,3135.880,1964.330,1.596412,-1,-1,0,0
v0,c3540,c3540_trojan90,PASS,PASS,PASS_STABLE,19273.900,12768.000,1.509547,-1,-1,0,0
v0,c3540,c3540_trojan91,PASS,PASS,PASS_STABLE,1492.460,777.486,1.919597,-1,-1,0,0
v0,c3540,c3540_trojan92,PASS,PASS,PASS_STABLE,7459.330,4473.900,1.667299,1,1,0,0
v0,c3540,c3540_trojan93,PASS,PASS,PASS_STABLE,4003.830,2391.710,1.674045,-1,-1,0,0
v0,c3540,c3540_trojan94,PASS,PASS,PASS_STABLE,793.788,917.288,0.865364,-1,-1,0,0
v0,c3540,c3540_trojan95,PASS,PASS,PASS_STABLE,6222.340,4077.630,1.525970,-1,-1,0,0
v0,c3540,c3540_trojan96,PASS,PASS,PASS_STABLE,1608.860,1223.040,1.315460,1,1,0,0
v0,c3540,c3540_trojan97,PASS,PASS,PASS_STABLE,13466.500,4817.370,2.795405,3,-1,0,0
v0,c3540,c3540_trojan98,PASS,PASS,PASS_STABLE,2620.780,1556.950,1.683278,-1,-1,0,0
v0,c3540,c3540_trojan99,PASS,PASS,PASS_STABLE,4354.850,1927.320,2.259537,-1,-1,0,0
v0,c5315,c5315_trojan0,PASS,PASS,PASS_STABLE,74673.600,48765.200,1.531289,8,-1,0,0
v0,c5315,c5315_trojan1,PASS,PASS,PASS_STABLE,86908.200,27763.500,3.130304,4,-1,0,0
v0,c5315,c5315_trojan10,PASS,PASS,PASS_STABLE,78305.000,25285.000,3.096895,7,-1,0,0
v0,c5315,c5315_trojan11,PASS,PASS,PASS_STABLE,24274.700,29037.200,0.835986,7,-1,0,0
v0,c5315,c5315_trojan12,PASS,PASS,PASS_STABLE,45949.800,29334.800,1.566392,8,-1,1,-4
v0,c5315,c5315_trojan13,PASS,PASS,PASS_STABLE,27297.400,7101.840,3.843708,7,-1,0,0
v0,c5315,c5315_trojan14,CEC_FAIL,PASS,GAIN,92930.700,24416.600,,5,-1,1,0
v0,c5315,c5315_trojan15,PASS,PASS,PASS_STABLE,17371.100,4759.110,3.650073,4,-1,0,0
v0,c5315,c5315_trojan16,PASS,PASS,PASS_STABLE,64285.000,196173.000,0.327695,8,-1,0,0
v0,c5315,c5315_trojan17,PASS,PASS,PASS_STABLE,1445.640,811.901,1.780562,4,-1,0,0
v0,c5315,c5315_trojan18,FAIL,PASS,GAIN,119961.000,127893.000,,,-1,,0
v0,c5315,c5315_trojan19,PASS,PASS,PASS_STABLE,25066.000,9717.490,2.579473,7,-1,0,0
v0,c5315,c5315_trojan2,PASS,PASS,PASS_STABLE,66336.100,44682.000,1.484627,8,-1,0,0
v0,c5315,c5315_trojan20,FAIL,PASS,GAIN,294957.000,264624.000,,,-1,,0
v0,c5315,c5315_trojan21,FAIL,TIMEOUT,FAIL_STABLE,370941.000,,,,,,
v0,c5315,c5315_trojan22,PASS,PASS,PASS_STABLE,31185.300,12790.400,2.438180,7,-1,0,0
v0,c5315,c5315_trojan23,FAIL,PASS,GAIN,294155.000,225319.000,,,-1,,0
v0,c5315,c5315_trojan24,PASS,PASS,PASS_STABLE,75851.700,57441.800,1.320497,9,-1,0,0
v0,c5315,c5315_trojan25,PASS,PASS,PASS_STABLE,23536.700,5907.930,3.983917,10,-1,0,0
v0,c5315,c5315_trojan26,PASS,PASS,PASS_STABLE,2017.880,670.512,3.009461,7,-1,0,0
v0,c5315,c5315_trojan27,FAIL,PASS,GAIN,49980.600,16900.100,,,-1,,0
v0,c5315,c5315_trojan28,CEC_FAIL,PASS,GAIN,1409.890,1045.930,,6,-1,0,0
v0,c5315,c5315_trojan29,PASS,PASS,PASS_STABLE,42090.000,15185.800,2.771668,8,-1,0,0
v0,c5315,c5315_trojan3,PASS,PASS,PASS_STABLE,14908.600,3737.730,3.988678,8,-1,0,0
v0,c5315,c5315_trojan30,PASS,PASS,PASS_STABLE,29214.000,7318.690,3.991698,4,-1,0,0
v0,c5315,c5315_trojan31,CEC_FAIL,TIMEOUT,FAIL_STABLE,538532.000,,,2502,,32,
v0,c5315,c5315_trojan32,PASS,PASS,PASS_STABLE,20211.100,5883.440,3.435252,10,-1,0,0
v0,c5315,c5315_trojan33,CEC_FAIL,PASS,GAIN,34229.200,11214.500,,5,-1,0,0
v0,c5315,c5315_trojan34,PASS,PASS,PASS_STABLE,1924.760,1642.220,1.172048,6,6,0,0
v0,c5315,c5315_trojan35,PASS,PASS,PASS_STABLE,28383.300,9406.890,3.017288,7,-1,0,0
v0,c5315,c5315_trojan36,PASS,PASS,PASS_STABLE,22992.400,5850.320,3.930110,4,-1,1,-11
v0,c5315,c5315_trojan37,CEC_FAIL,PASS,GAIN,168295.000,162656.000,,461,-1,20,0
v0,c5315,c5315_trojan38,FAIL,TIMEOUT,FAIL_STABLE,569189.000,,,,,,
v0,c5315,c5315_trojan39,CEC_FAIL,PASS,GAIN,22717.600,10196.600,,3,-1,0,0
v0,c5315,c5315_trojan4,PASS,PASS,PASS_STABLE,43749.600,16452.100,2.659211,2,-1,0,0
v0,c5315,c5315_trojan40,CEC_FAIL,PASS,GAIN,152911.000,138188.000,,491,-1,17,0
v0,c5315,c5315_trojan41,PASS,PASS,PASS_STABLE,30583.100,11295.500,2.707547,10,-1,0,-9
v0,c5315,c5315_trojan42,PASS,PASS,PASS_STABLE,1395.210,555.546,2.511421,4,-1,0,0
v0,c5315,c5315_trojan43,FAIL,PASS,GAIN,343950.000,283064.000,,,-1,,0
v0,c5315,c5315_trojan44,PASS,PASS,PASS_STABLE,32462.400,11641.300,2.788555,7,-1,1,-11
v0,c5315,c5315_trojan45,PASS,PASS,PASS_STABLE,2272.100,773.710,2.936630,6,-1,14,0
v0,c5315,c5315_trojan46,PASS,PASS,PASS_STABLE,14824.200,3506.270,4.227912,7,-1,0,0
v0,c5315,c5315_trojan47,PASS,PASS,PASS_STABLE,25569.800,7166.590,3.567917,7,-1,0,0
v0,c5315,c5315_trojan48,PASS,TIMEOUT,REGRESSION,87582.600,,,8,,0,
v0,c5315,c5315_trojan49,CEC_FAIL,PASS,GAIN,5243.390,23763.600,,221,-1,19,0
v0,c5315,c5315_trojan5,PASS,PASS,PASS_STABLE,30379.200,8746.400,3.473338,7,-1,0,0
v0,c5315,c5315_trojan50,PASS,PASS,PASS_STABLE,61863.100,35678.000,1.733928,7,-1,0,-11
v0,c5315,c5315_trojan51,PASS,PASS,PASS_STABLE,101750.000,30940.900,3.288527,2,-1,0,0
v0,c5315,c5315_trojan52,CEC_FAIL,PASS,GAIN,243557.000,201188.000,,827,-1,37,-2
v0,c5315,c5315_trojan53,PASS,PASS,PASS_STABLE,16116.200,6360.390,2.533838,4,-1,1,-4
v0,c5315,c5315_trojan54,PASS,PASS,PASS_STABLE,39872.200,13090.200,3.045958,4,-1,1,-4
v0,c5315,c5315_trojan55,CEC_FAIL,CEC_FAIL,FAIL_STABLE,31437.200,59953.500,,4,14,1,7
v0,c5315,c5315_trojan56,PASS,PASS,PASS_STABLE,33137.100,9018.830,3.674213,4,-1,0,-5
v0,c5315,c5315_trojan57,PASS,PASS,PASS_STABLE,29261.100,8014.440,3.651047,6,-1,0,-8
v0,c5315,c5315_trojan58,PASS,PASS,PASS_STABLE,33681.300,9219.530,3.653256,2,-1,0,0
v0,c5315,c5315_trojan59,PASS,PASS,PASS_STABLE,1340.060,617.290,2.170876,-1,-1,-5,-5
v0,c5315,c5315_trojan6,PASS,PASS,PASS_STABLE,34348.400,8582.710,4.002046,8,-1,0,0
v0,c5315,c5315_trojan60,PASS,PASS,PASS_STABLE,70846.200,22481.400,3.151325,4,-1,0,-8
v0,c5315,c5315_trojan61,PASS,PASS,PASS_STABLE,29537.900,8827.750,3.346028,4,-1,1,-5
v0,c5315,c5315_trojan62,PASS,PASS,PASS_STABLE,38895.600,12043.900,3.229485,5,-1,0,0
v0,c5315,c5315_trojan63,PASS,PASS,PASS_STABLE,23769.900,6454.240,3.682835,4,-1,0,-10
v0,c5315,c5315_trojan64,PASS,PASS,PASS_STABLE,63203.900,18393.500,3.436208,4,-1,0,-8
v0,c5315,c5315_trojan65,PASS,PASS,PASS_STABLE,18040.400,5247.230,3.438081,2,-1,0,0
v0,c5315,c5315_trojan66,FAIL,PASS,GAIN,211341.000,163800.000,,,-1,,-5
v0,c5315,c5315_trojan67,PASS,PASS,PASS_STABLE,1988.640,926.619,2.146125,4,-1,0,0
v0,c5315,c5315_trojan68,CEC_FAIL,PASS,GAIN,147836.000,119137.000,,4880,-1,28,0
v0,c5315,c5315_trojan69,PASS,PASS,PASS_STABLE,25443.500,9390.000,2.709638,4,-1,1,-9
v0,c5315,c5315_trojan7,CEC_FAIL,PASS,GAIN,28618.100,7121.250,,10,-1,1,-10
v0,c5315,c5315_trojan70,CEC_FAIL,PASS,GAIN,387789.000,277489.000,,1206,-1,15,-9
v0,c5315,c5315_trojan71,FAIL,TIMEOUT,FAIL_STABLE,374189.000,,,,,,
v0,c5315,c5315_trojan72,PASS,PASS,PASS_STABLE,27992.100,10049.100,2.785533,4,-1,0,-3
v0,c5315,c5315_trojan73,FAIL,PASS,GAIN,335519.000,274018.000,,,-1,,-6
v0,c5315,c5315_trojan74,PASS,PASS,PASS_STABLE,76395.100,282705.000,0.270229,7,-1,0,-3
v0,c5315,c5315_trojan75,PASS,PASS,PASS_STABLE,23941.400,7763.140,3.083984,4,-1,0,0
v0,c5315,c5315_trojan76,PASS,PASS,PASS_STABLE,1493.400,648.749,2.301969,4,-1,0,0
v0,c5315,c5315_trojan77,PASS,PASS,PASS_STABLE,50950.900,13524.400,3.767332,4,-1,0,-9
v0,c5315,c5315_trojan78,CEC_FAIL,CEC_FAIL,FAIL_STABLE,37688.600,86206.700,,4,14,0,8
v0,c5315,c5315_trojan79,PASS,PASS,PASS_STABLE,35568.200,10907.300,3.260954,7,-1,0,-6
v0,c5315,c5315_trojan8,PASS,PASS,PASS_STABLE,35037.400,13049.500,2.684961,4,-1,0,0
v0,c5315,c5315_trojan80,PASS,PASS,PASS_STABLE,35905.400,8589.210,4.180291,2,-1,0,0
v0,c5315,c5315_trojan81,CEC_FAIL,TIMEOUT,FAIL_STABLE,420802.000,,,1231,,32,
v0,c5315,c5315_trojan82,PASS,PASS,PASS_STABLE,19257.900,4998.310,3.852882,4,-1,3,-5
v0,c5315,c5315_trojan83,PASS,PASS,PASS_STABLE,1540.380,697.564,2.208227,4,-1,1,-10
v0,c5315,c5315_trojan84,PASS,PASS,PASS_STABLE,1603.230,646.385,2.480302,7,-1,0,0
v0,c5315,c5315_trojan85,PASS,PASS,PASS_STABLE,30785.000,8976.650,3.429453,4,-1,1,-3
v0,c5315,c5315_trojan86,PASS,PASS,PASS_STABLE,14232.900,3537.470,4.023469,6,-1,0,-7
v0,c5315,c5315_trojan87,FAIL,PASS,GAIN,252782.000,185923.000,,,-1,,-2
v0,c5315,c5315_trojan88,FAIL,TIMEOUT,FAIL_STABLE,409658.000,,,,,,
v0,c5315,c5315_trojan89,FAIL,PASS,GAIN,24200.100,10450.200,,,-1,,0
v0,c5315,c5315_trojan9,PASS,PASS,PASS_STABLE,1062.020,474.074,2.240199,-1,-1,-8,-8
v0,c5315,c5315_trojan90,CEC_FAIL,PASS,GAIN,152891.000,139534.000,,479,-1,18,-9
v0,c5315,c5315_trojan91,PASS,PASS,PASS_STABLE,27575.700,10668.700,2.584729,6,-1,1,-1
v0,c5315,c5315_trojan92,PASS,PASS,PASS_STABLE,1342.800,664.106,2.021966,2,-1,0,0
v0,c5315,c5315_trojan93,FAIL,PASS,GAIN,288789.000,251401.000,,,-1,,-11
v0,c5315,c5315_trojan94,PASS,PASS,PASS_STABLE,29181.200,9395.660,3.105817,5,-1,0,-6
v0,c5315,c5315_trojan95,PASS,PASS,PASS_STABLE,2526.310,790.983,3.193887,6,-1,1,0
v0,c5315,c5315_trojan96,PASS,PASS,PASS_STABLE,14691.900,3455.930,4.251215,4,-1,1,0
v0,c5315,c5315_trojan97,PASS,PASS,PASS_STABLE,25225.100,6903.210,3.654112,4,-1,0,-6
v0,c5315,c5315_trojan98,CEC_FAIL,TIMEOUT,FAIL_STABLE,302613.000,,,1395,,34,
v0,c5315,c5315_trojan99,CEC_FAIL,PASS,GAIN,4148.640,23276.400,,192,-1,7,-8
v0,c6288,c6288_trojan0,CEC_FAIL,PASS,GAIN,21476.600,5115.860,,2,-1,1,-40
v0,c7552,c7552_trojan0,PASS,PASS,PASS_STABLE,27849.300,7256.570,3.837805,6,-1,0,0
v0,c7552,c7552_trojan1,PASS,PASS,PASS_STABLE,21309.200,4850.720,4.392997,4,-1,0,0
v0,c7552,c7552_trojan11,PASS,PASS,PASS_STABLE,7582.110,2064.930,3.671848,4,-1,0,0
v0,c7552,c7552_trojan12,PASS,PASS,PASS_STABLE,33602.200,8534.780,3.937090,4,-1,0,0
v0,c7552,c7552_trojan13,CEC_FAIL,PASS,GAIN,4165.850,1209.150,,2,-1,0,0
v0,c7552,c7552_trojan15,PASS,PASS,PASS_STABLE,784.384,565.023,1.388234,-1,-1,0,0
v0,c7552,c7552_trojan16,CEC_FAIL,PASS,GAIN,3176.980,1132.900,,2,-1,0,0
v0,c7552,c7552_trojan17,CEC_FAIL,PASS,GAIN,6825.680,1847.060,,3,-1,0,0
v0,c7552,c7552_trojan18,CEC_FAIL,PASS,GAIN,812.891,1768.960,,-1,-1,0,0
v0,c7552,c7552_trojan19,PASS,PASS,PASS_STABLE,38871.000,11863.200,3.276603,4,-1,0,0
v0,c7552,c7552_trojan2,CEC_FAIL,PASS,GAIN,1991.410,698.089,,2,-1,0,0
v0,c7552,c7552_trojan20,CEC_FAIL,PASS,GAIN,922.745,1336.960,,-1,-1,0,0
v0,c7552,c7552_trojan21,PASS,PASS,PASS_STABLE,34292.200,8356.480,4.103666,6,-1,0,0
v0,c7552,c7552_trojan22,PASS,PASS,PASS_STABLE,8515.600,2417.550,3.522409,6,-1,0,0
v0,c7552,c7552_trojan23,CEC_FAIL,PASS,GAIN,19559.700,5066.230,,3,-1,0,0
v0,c7552,c7552_trojan25,PASS,PASS,PASS_STABLE,20352.500,5376.340,3.785568,5,-1,0,0
v0,c7552,c7552_trojan26,PASS,PASS,PASS_STABLE,1531.140,550.269,2.782530,-1,-1,0,0
v0,c7552,c7552_trojan27,PASS,PASS,PASS_STABLE,2600.230,822.012,3.163251,2,-1,0,0
v0,c7552,c7552_trojan28,PASS,PASS,PASS_STABLE,17822.500,3807.270,4.681176,6,-1,0,0
v0,c7552,c7552_trojan29,PASS,PASS,PASS_STABLE,27171.900,7899.130,3.439860,4,-1,0,0
v0,c7552,c7552_trojan3,PASS,PASS,PASS_STABLE,39776.300,11280.300,3.526174,4,-1,0,0
v0,c7552,c7552_trojan30,PASS,PASS,PASS_STABLE,21231.100,5244.340,4.048384,5,-1,0,0
v0,c7552,c7552_trojan31,CEC_FAIL,PASS,GAIN,12396.000,3032.370,,5,-1,0,0
v0,c7552,c7552_trojan32,PASS,PASS,PASS_STABLE,820.903,546.916,1.500967,-1,-1,0,0
v0,c7552,c7552_trojan33,PASS,PASS,PASS_STABLE,23276.500,6175.720,3.769034,4,-1,0,0
v0,c7552,c7552_trojan34,PASS,PASS,PASS_STABLE,30201.100,7795.770,3.874037,4,-1,0,0
v0,c7552,c7552_trojan35,PASS,PASS,PASS_STABLE,38963.000,9034.790,4.312552,2,-1,0,0
v0,c7552,c7552_trojan36,CEC_FAIL,PASS,GAIN,2321.230,728.937,,2,-1,0,0
v0,c7552,c7552_trojan37,PASS,PASS,PASS_STABLE,29796.600,7857.190,3.792272,5,-1,0,0
v0,c7552,c7552_trojan38,PASS,PASS,PASS_STABLE,23170.700,5728.130,4.045072,6,-1,0,0
v0,c7552,c7552_trojan39,CEC_FAIL,PASS,GAIN,1754.270,644.242,,2,-1,0,0
v0,c7552,c7552_trojan4,PASS,PASS,PASS_STABLE,34824.600,9329.000,3.732940,4,-1,0,0
v0,c7552,c7552_trojan40,PASS,PASS,PASS_STABLE,38123.300,9924.100,3.841487,6,-1,0,0
v0,c7552,c7552_trojan41,PASS,PASS,PASS_STABLE,27566.500,7019.140,3.927333,4,-1,0,0
v0,c7552,c7552_trojan42,CEC_FAIL,PASS,GAIN,1039.870,1148.230,,1,-1,0,0
v0,c7552,c7552_trojan43,FAIL,PASS,GAIN,39068.200,10344.000,,,-1,,0
v0,c7552,c7552_trojan45,PASS,PASS,PASS_STABLE,24520.100,6126.180,4.002511,7,-1,0,0
v0,c7552,c7552_trojan46,PASS,PASS,PASS_STABLE,33234.200,8898.610,3.734763,4,-1,0,0
v0,c7552,c7552_trojan49,CEC_FAIL,PASS,GAIN,954.074,1121.890,,3,-1,0,0
v0,c7552,c7552_trojan50,PASS,PASS,PASS_STABLE,22235.800,5086.450,4.371575,4,-1,0,0
v0,c7552,c7552_trojan51,PASS,PASS,PASS_STABLE,13387.800,3967.800,3.374112,2,-1,1,-2
v0,c7552,c7552_trojan52,PASS,PASS,PASS_STABLE,23880.400,6894.480,3.463698,6,-1,0,-1
v0,c7552,c7552_trojan53,CEC_FAIL,PASS,GAIN,1887.530,1286.140,,3,-1,0,0
v0,c7552,c7552_trojan54,PASS,PASS,PASS_STABLE,32061.100,8831.290,3.630398,2,-1,0,0
v0,c7552,c7552_trojan57,CEC_FAIL,PASS,GAIN,15293.500,3741.340,,2,-1,0,0
v0,c7552,c7552_trojan58,CEC_FAIL,PASS,GAIN,17368.300,4626.080,,4,-1,0,0
v0,c7552,c7552_trojan59,PASS,PASS,PASS_STABLE,18691.700,4725.120,3.955815,2,-1,0,0
v0,c7552,c7552_trojan6,CEC_FAIL,PASS,GAIN,825.374,852.784,,-1,-1,0,0
v0,c7552,c7552_trojan61,PASS,PASS,PASS_STABLE,4818.710,1550.880,3.107081,2,-1,6,0
v0,c7552,c7552_trojan62,CEC_FAIL,PASS,GAIN,26666.400,8133.480,,2,-1,1,-11
v0,c7552,c7552_trojan63,CEC_FAIL,PASS,GAIN,2910.650,1007.370,,3,-1,0,0
v0,c7552,c7552_trojan65,PASS,PASS,PASS_STABLE,742.862,607.290,1.223241,-1,-1,0,0
v0,c7552,c7552_trojan66,PASS,PASS,PASS_STABLE,3588.570,1490.330,2.407903,4,-1,0,0
v0,c7552,c7552_trojan67,CEC_FAIL,PASS,GAIN,4884.750,1617.520,,2,-1,0,0
v0,c7552,c7552_trojan68,CEC_FAIL,PASS,GAIN,729.873,1354.010,,-1,-1,0,0
v0,c7552,c7552_trojan69,PASS,PASS,PASS_STABLE,26306.400,9117.300,2.885328,2,-1,0,0
v0,c7552,c7552_trojan7,PASS,PASS,PASS_STABLE,19368.600,5093.930,3.802290,2,-1,0,0
v0,c7552,c7552_trojan70,CEC_FAIL,CEC_FAIL,FAIL_STABLE,789.986,1995.190,,2,1,0,0
v0,c7552,c7552_trojan71,PASS,PASS,PASS_STABLE,27020.400,7373.520,3.664518,4,-1,0,0
v0,c7552,c7552_trojan72,PASS,PASS,PASS_STABLE,7250.100,2069.510,3.503293,3,-1,1,-2
v0,c7552,c7552_trojan73,CEC_FAIL,CEC_FAIL,FAIL_STABLE,18228.200,27428.400,,2,5,0,0
v0,c7552,c7552_trojan75,CEC_FAIL,PASS,GAIN,13614.600,3645.020,,2,-1,0,0
v0,c7552,c7552_trojan76,FAIL,PASS,GAIN,23869.900,7260.380,,,-1,,0
v0,c7552,c7552_trojan77,PASS,PASS,PASS_STABLE,1282.110,901.051,1.422905,-1,-1,0,0
v0,c7552,c7552_trojan78,PASS,PASS,PASS_STABLE,9975.460,2651.120,3.762734,3,-1,0,0
v0,c7552,c7552_trojan79,PASS,PASS,PASS_STABLE,20449.900,5645.090,3.622599,2,-1,0,0
v0,c7552,c7552_trojan8,PASS,PASS,PASS_STABLE,21307.000,7611.660,2.799258,2,-1,0,0
v0,c7552,c7552_trojan80,PASS,PASS,PASS_STABLE,17432.800,4818.310,3.618032,4,-1,0,0
v0,c7552,c7552_trojan81,CEC_FAIL,PASS,GAIN,6435.140,1962.120,,4,-1,0,0
v0,c7552,c7552_trojan82,CEC_FAIL,PASS,GAIN,1558.230,1198.380,,3,-1,0,0
v0,c7552,c7552_trojan83,CEC_FAIL,PASS,GAIN,17909.200,4754.800,,2,-1,0,0
v0,c7552,c7552_trojan84,PASS,PASS,PASS_STABLE,24845.500,7280.630,3.412548,2,-1,0,0
v0,c7552,c7552_trojan85,PASS,PASS,PASS_STABLE,29890.900,8410.810,3.553867,2,-1,0,0
v0,c7552,c7552_trojan86,PASS,PASS,PASS_STABLE,2009.150,721.050,2.786423,3,-1,0,0
v0,c7552,c7552_trojan87,PASS,PASS,PASS_STABLE,24950.100,6577.280,3.793377,4,-1,0,0
v0,c7552,c7552_trojan88,PASS,PASS,PASS_STABLE,15257.200,4034.120,3.782039,4,-1,0,0
v0,c7552,c7552_trojan89,CEC_FAIL,PASS,GAIN,899.609,1095.940,,1,-1,0,0
v0,c7552,c7552_trojan9,PASS,PASS,PASS_STABLE,25861.500,6699.380,3.860283,4,-1,0,0
v0,c7552,c7552_trojan90,PASS,PASS,PASS_STABLE,30774.700,8660.050,3.553640,3,-1,0,0
v0,c7552,c7552_trojan91,PASS,PASS,PASS_STABLE,20836.300,5540.380,3.760807,2,-1,0,0
v0,c7552,c7552_trojan92,PASS,PASS,PASS_STABLE,762.567,707.009,1.078582,-1,-1,0,0
v0,c7552,c7552_trojan93,PASS,PASS,PASS_STABLE,28381.200,7871.460,3.605583,2,-1,0,0
v0,c7552,c7552_trojan95,PASS,PASS,PASS_STABLE,15592.700,4222.570,3.692704,3,-1,0,0
v0,c7552,c7552_trojan96,PASS,PASS,PASS_STABLE,28294.200,8435.240,3.354285,2,-1,0,-1
v0,c880,c880_trojan0,PASS,PASS,PASS_STABLE,3167.420,1050.750,3.014437,8,-1,6,0
v0,c880,c880_trojan1,PASS,PASS,PASS_STABLE,9672.610,2841.740,3.403763,9,-1,1,0
v0,c880,c880_trojan10,PASS,PASS,PASS_STABLE,3481.960,917.244,3.796111,9,-1,1,0
v0,c880,c880_trojan11,CEC_FAIL,PASS,GAIN,2181.820,999.437,,7,-1,1,-1
v0,c880,c880_trojan12,PASS,PASS,PASS_STABLE,4468.940,1079.400,4.140208,9,-1,1,0
v0,c880,c880_trojan13,CEC_FAIL,PASS,GAIN,931.889,562.428,,4,-1,2,0
v0,c880,c880_trojan14,PASS,PASS,PASS_STABLE,1566.820,763.340,2.052585,9,-1,1,0
v0,c880,c880_trojan15,PASS,PASS,PASS_STABLE,1224.180,449.185,2.725336,4,-1,1,0
v0,c880,c880_trojan16,PASS,PASS,PASS_STABLE,5825.050,1393.090,4.181388,10,-1,3,0
v0,c880,c880_trojan18,CEC_FAIL,PASS,GAIN,497.431,355.495,,2,-1,1,0
v0,c880,c880_trojan19,CEC_FAIL,PASS,GAIN,1590.780,641.485,,3,-1,1,-1
v0,c880,c880_trojan2,CEC_FAIL,PASS,GAIN,6211.050,2189.630,,4,-1,1,0
v0,c880,c880_trojan20,CEC_FAIL,PASS,GAIN,1394.430,507.323,,8,-1,1,0
v0,c880,c880_trojan21,PASS,PASS,PASS_STABLE,5190.980,2027.010,2.560905,9,-1,1,0
v0,c880,c880_trojan22,PASS,PASS,PASS_STABLE,2927.600,879.826,3.327476,9,-1,2,0
v0,c880,c880_trojan23,PASS,PASS,PASS_STABLE,4327.020,1280.140,3.380115,9,-1,1,0
v0,c880,c880_trojan24,CEC_FAIL,PASS,GAIN,2543.670,850.505,,4,-1,1,0
v0,c880,c880_trojan25,PASS,PASS,PASS_STABLE,4921.570,1431.630,3.437739,9,-1,1,-1
v0,c880,c880_trojan26,CEC_FAIL,PASS,GAIN,436.109,783.814,,3,-1,1,0
v0,c880,c880_trojan28,CEC_FAIL,PASS,GAIN,752.069,356.521,,3,-1,1,0
v0,c880,c880_trojan29,PASS,PASS,PASS_STABLE,677.899,339.039,1.999472,3,-1,1,0
v0,c880,c880_trojan3,CEC_FAIL,PASS,GAIN,533.942,852.906,,3,-1,1,0
v0,c880,c880_trojan30,CEC_FAIL,PASS,GAIN,421.018,311.038,,2,-1,1,0
v0,c880,c880_trojan31,CEC_FAIL,PASS,GAIN,2170.500,907.935,,4,-1,1,0
v0,c880,c880_trojan32,PASS,PASS,PASS_STABLE,3067.910,968.994,3.166077,8,-1,3,0
v0,c880,c880_trojan33,CEC_FAIL,PASS,GAIN,1987.180,791.240,,8,-1,1,0
v0,c880,c880_trojan34,PASS,PASS,PASS_STABLE,5211.570,1397.850,3.728276,9,-1,1,0
v0,c880,c880_trojan35,PASS,PASS,PASS_STABLE,5976.970,1660.660,3.599153,9,-1,1,0
v0,c880,c880_trojan36,PASS,PASS,PASS_STABLE,1779.780,635.534,2.800448,3,-1,1,0
v0,c880,c880_trojan37,PASS,PASS,PASS_STABLE,4615.670,1142.500,4.039974,10,-1,3,0
v0,c880,c880_trojan38,PASS,PASS,PASS_STABLE,656.385,349.264,1.879338,13,-1,4,0
v0,c880,c880_trojan39,CEC_FAIL,PASS,GAIN,2032.450,694.729,,8,-1,3,0
v0,c880,c880_trojan4,CEC_FAIL,PASS,GAIN,4499.930,1355.040,,9,-1,1,0
v0,c880,c880_trojan40,CEC_FAIL,PASS,GAIN,3783.610,1234.570,,8,-1,1,0
v0,c880,c880_trojan41,CEC_FAIL,PASS,GAIN,496.597,295.336,,3,-1,1,-1
v0,c880,c880_trojan42,CEC_FAIL,PASS,GAIN,2591.200,991.881,,8,-1,2,0
v0,c880,c880_trojan43,PASS,PASS,PASS_STABLE,2194.140,852.242,2.574550,5,-1,5,0
v0,c880,c880_trojan44,CEC_FAIL,PASS,GAIN,815.282,342.361,,4,-1,1,0
v0,c880,c880_trojan45,PASS,PASS,PASS_STABLE,3232.700,1092.770,2.958262,6,-1,1,0
v0,c880,c880_trojan46,CEC_FAIL,PASS,GAIN,1036.030,484.239,,4,-1,1,0
v0,c880,c880_trojan47,PASS,PASS,PASS_STABLE,1591.930,589.823,2.698996,8,-1,2,0
v0,c880,c880_trojan48,PASS,PASS,PASS_STABLE,424.087,274.026,1.547616,-1,-1,0,0
v0,c880,c880_trojan49,PASS,PASS,PASS_STABLE,1568.230,639.479,2.452356,5,-1,4,0
v0,c880,c880_trojan5,CEC_FAIL,PASS,GAIN,569.308,377.048,,3,-1,1,0
v0,c880,c880_trojan50,CEC_FAIL,PASS,GAIN,4291.480,1605.290,,4,-1,3,0
v0,c880,c880_trojan51,CEC_FAIL,PASS,GAIN,9814.920,3810.490,,2,-1,2,0
v0,c880,c880_trojan52,FAIL,PASS,GAIN,5774.100,2226.330,,,-1,,0
v0,c880,c880_trojan53,PASS,PASS,PASS_STABLE,3532.510,1216.100,2.904786,4,-1,3,0
v0,c880,c880_trojan54,PASS,PASS,PASS_STABLE,8356.540,3168.430,2.637439,7,-1,7,0
v0,c880,c880_trojan55,PASS,PASS,PASS_STABLE,414.133,337.532,1.226944,-1,-1,0,0
v0,c880,c880_trojan56,PASS,PASS,PASS_STABLE,7049.040,2077.990,3.392240,6,-1,1,0
v0,c880,c880_trojan57,PASS,PASS,PASS_STABLE,4441.970,1626.020,2.731805,5,-1,1,0
v0,c880,c880_trojan58,CEC_FAIL,PASS,GAIN,1039.860,499.827,,4,-1,8,0
v0,c880,c880_trojan59,PASS,PASS,PASS_STABLE,8121.800,2631.440,3.086447,6,-1,1,0
v0,c880,c880_trojan6,PASS,PASS,PASS_STABLE,3440.560,1059.890,3.246148,8,-1,1,0
v0,c880,c880_trojan60,CEC_FAIL,PASS,GAIN,5549.680,1359.850,,5,-1,1,0
v0,c880,c880_trojan61,CEC_FAIL,PASS,GAIN,523.287,330.087,,2,-1,1,0
v0,c880,c880_trojan62,PASS,PASS,PASS_STABLE,5079.760,1671.470,3.039097,7,-1,3,0
v0,c880,c880_trojan63,CEC_FAIL,PASS,GAIN,1207.520,660.778,,5,-1,1,0
v0,c880,c880_trojan64,CEC_FAIL,PASS,GAIN,571.629,367.337,,4,-1,1,0
v0,c880,c880_trojan65,PASS,PASS,PASS_STABLE,478.485,349.720,1.368195,-1,-1,0,0
v0,c880,c880_trojan66,PASS,PASS,PASS_STABLE,3964.960,1308.970,3.029069,5,-1,2,0
v0,c880,c880_trojan68,CEC_FAIL,PASS,GAIN,543.096,372.025,,2,-1,1,0
v0,c880,c880_trojan69,CEC_FAIL,PASS,GAIN,3288.930,1235.180,,6,-1,3,0
v0,c880,c880_trojan7,CEC_FAIL,PASS,GAIN,480.200,414.384,,3,-1,0,-1
v0,c880,c880_trojan70,PASS,PASS,PASS_STABLE,3467.260,1255.960,2.760645,5,-1,2,0
v0,c880,c880_trojan71,PASS,PASS,PASS_STABLE,6593.840,2280.760,2.891071,7,-1,4,0
v0,c880,c880_trojan72,PASS,PASS,PASS_STABLE,3584.810,1215.110,2.950194,4,-1,1,0
v0,c880,c880_trojan73,PASS,PASS,PASS_STABLE,5154.530,1658.770,3.107441,4,-1,2,0
v0,c880,c880_trojan74,CEC_FAIL,PASS,GAIN,3092.020,1133.500,,6,-1,1,0
v0,c880,c880_trojan75,PASS,PASS,PASS_STABLE,4755.370,1681.890,2.827397,7,-1,7,0
v0,c880,c880_trojan76,PASS,PASS,PASS_STABLE,1037.100,459.807,2.255512,2,-1,1,0
v0,c880,c880_trojan78,PASS,PASS,PASS_STABLE,2268.690,902.256,2.514464,3,-1,1,0
v0,c880,c880_trojan79,CEC_FAIL,PASS,GAIN,1701.860,734.071,,4,-1,1,0
v0,c880,c880_trojan8,CEC_FAIL,PASS,GAIN,1443.830,773.198,,8,-1,1,0
v0,c880,c880_trojan80,CEC_FAIL,PASS,GAIN,539.869,359.169,,2,-1,1,0
v0,c880,c880_trojan81,CEC_FAIL,PASS,GAIN,2056.150,824.146,,2,-1,1,0
v0,c880,c880_trojan82,PASS,PASS,PASS_STABLE,3666.310,1270.800,2.885041,5,-1,3,0
v0,c880,c880_trojan83,PASS,PASS,PASS_STABLE,4242.040,1383.350,3.066498,7,-1,1,0
v0,c880,c880_trojan84,CEC_FAIL,PASS,GAIN,532.495,320.370,,3,-1,1,0
v0,c880,c880_trojan85,CEC_FAIL,PASS,GAIN,5423.640,2012.160,,5,-1,7,0
v0,c880,c880_trojan86,PASS,PASS,PASS_STABLE,5649.180,2010.330,2.810076,7,-1,4,0
v0,c880,c880_trojan87,PASS,PASS,PASS_STABLE,3753.620,1570.990,2.389334,2,-1,1,0
v0,c880,c880_trojan88,CEC_FAIL,PASS,GAIN,674.158,368.422,,3,-1,1,0
v0,c880,c880_trojan89,CEC_FAIL,PASS,GAIN,1691.800,846.292,,4,-1,2,0
v0,c880,c880_trojan9,PASS,PASS,PASS_STABLE,5195.230,1430.470,3.631834,8,-1,1,0
v0,c880,c880_trojan90,CEC_FAIL,PASS,GAIN,4308.700,1431.870,,3,-1,7,0
v0,c880,c880_trojan91,CEC_FAIL,PASS,GAIN,647.548,460.686,,4,-1,1,0
v0,c880,c880_trojan92,PASS,PASS,PASS_STABLE,3317.540,1125.200,2.948400,3,-1,9,0
v0,c880,c880_trojan93,PASS,PASS,PASS_STABLE,3425.950,1199.010,2.857316,3,-1,1,0
v0,c880,c880_trojan94,CEC_FAIL,PASS,GAIN,1027.470,529.793,,5,-1,1,0
v0,c880,c880_trojan95,PASS,PASS,PASS_STABLE,7171.480,2459.940,2.915307,7,-1,4,0
v0,c880,c880_trojan96,CEC_FAIL,PASS,GAIN,2000.620,780.259,,5,-1,1,0
v0,c880,c880_trojan97,PASS,PASS,PASS_STABLE,2872.390,1099.070,2.613473,4,-1,8,0
v0,c880,c880_trojan98,CEC_FAIL,PASS,GAIN,491.424,332.721,,2,-1,1,0
v0,c880,c880_trojan99,CEC_FAIL,PASS,GAIN,1500.910,583.908,,4,-1,1,0
v1,aes,aes_trojan1,PASS,PASS,PASS_STABLE,63320.200,89088.400,0.710757,-1,-1,-8,-8
v1,c2670,c2670_trojan0,PASS,PASS,PASS_STABLE,659.916,599.998,1.099864,-1,-1,0,0
v1,c2670,c2670_trojan1,PASS,PASS,PASS_STABLE,590.696,439.352,1.344471,-1,-1,0,0
v1,c2670,c2670_trojan10,PASS,PASS,PASS_STABLE,1266.530,1189.020,1.065188,-1,-1,0,0
v1,c2670,c2670_trojan11,PASS,PASS,PASS_STABLE,762.489,594.275,1.283058,-1,-1,-14,-14
v1,c2670,c2670_trojan12,PASS,PASS,PASS_STABLE,2492.410,638.083,3.906091,1,-1,1,0
v1,c2670,c2670_trojan13,PASS,PASS,PASS_STABLE,538.152,380.757,1.413374,-1,-1,0,0
v1,c2670,c2670_trojan14,PASS,PASS,PASS_STABLE,844.802,481.736,1.753662,-1,-1,0,0
v1,c2670,c2670_trojan15,PASS,PASS,PASS_STABLE,1743.100,827.012,2.107708,1,-1,1,0
v1,c2670,c2670_trojan16,PASS,PASS,PASS_STABLE,2238.540,843.667,2.653345,1,-1,1,0
v1,c2670,c2670_trojan17,PASS,PASS,PASS_STABLE,615.654,515.891,1.193380,-1,-1,0,0
v1,c2670,c2670_trojan18,PASS,PASS,PASS_STABLE,806.106,566.610,1.422682,-1,-1,0,0
v1,c2670,c2670_trojan19,PASS,PASS,PASS_STABLE,1008.040,510.685,1.973898,-1,-1,-8,-8
v1,c2670,c2670_trojan2,PASS,PASS,PASS_STABLE,706.627,546.525,1.292945,-1,-1,0,0
v1,c2670,c2670_trojan20,PASS,PASS,PASS_STABLE,546.694,365.975,1.493801,-1,-1,-13,-13
v1,c2670,c2670_trojan21,PASS,PASS,PASS_STABLE,496.118,423.802,1.170636,-1,-1,-13,-13
v1,c2670,c2670_trojan22,PASS,PASS,PASS_STABLE,559.353,433.748,1.289581,-1,-1,0,0
v1,c2670,c2670_trojan23,PASS,PASS,PASS_STABLE,723.135,617.001,1.172016,-1,-1,-12,-12
v1,c2670,c2670_trojan24,PASS,PASS,PASS_STABLE,1348.260,949.350,1.420193,-1,-1,0,0
v1,c2670,c2670_trojan25,PASS,PASS,PASS_STABLE,1224.950,748.691,1.636122,-1,-1,-12,-12
v1,c2670,c2670_trojan26,PASS,PASS,PASS_STABLE,540.174,422.941,1.277185,-1,-1,-11,-11
v1,c2670,c2670_trojan27,PASS,PASS,PASS_STABLE,564.044,485.670,1.161373,-1,-1,0,0
v1,c2670,c2670_trojan28,PASS,PASS,PASS_STABLE,1615.820,1027.020,1.573309,1,-1,1,0
v1,c2670,c2670_trojan29,PASS,PASS,PASS_STABLE,673.677,451.136,1.493290,-1,-1,0,0
v1,c2670,c2670_trojan3,PASS,PASS,PASS_STABLE,1500.580,980.530,1.530376,1,-1,1,0
v1,c2670,c2670_trojan30,PASS,PASS,PASS_STABLE,597.401,461.031,1.295794,-1,-1,0,0
v1,c2670,c2670_trojan31,PASS,PASS,PASS_STABLE,844.937,540.226,1.564044,-1,-1,-11,-11
v1,c2670,c2670_trojan32,PASS,PASS,PASS_STABLE,603.765,417.882,1.444822,-1,-1,0,0
v1,c2670,c2670_trojan33,PASS,PASS,PASS_STABLE,495.078,371.132,1.333967,-1,-1,0,0
v1,c2670,c2670_trojan34,PASS,PASS,PASS_STABLE,592.746,527.068,1.124610,-1,-1,0,0
v1,c2670,c2670_trojan35,PASS,PASS,PASS_STABLE,576.065,454.699,1.266915,-1,-1,0,0
v1,c2670,c2670_trojan36,PASS,PASS,PASS_STABLE,667.873,440.980,1.514520,-1,-1,-12,-12
v1,c2670,c2670_trojan37,PASS,PASS,PASS_STABLE,587.387,424.623,1.383314,-1,-1,-14,-14
v1,c2670,c2670_trojan38,PASS,PASS,PASS_STABLE,558.795,438.936,1.273067,-1,-1,0,0
v1,c2670,c2670_trojan39,PASS,PASS,PASS_STABLE,486.396,383.802,1.267310,-1,-1,-11,-11
v1,c2670,c2670_trojan4,PASS,PASS,PASS_STABLE,584.227,401.985,1.453355,-1,-1,0,0
v1,c2670,c2670_trojan40,PASS,PASS,PASS_STABLE,814.099,586.519,1.388018,-1,-1,-13,-13
v1,c2670,c2670_trojan41,PASS,PASS,PASS_STABLE,1057.610,926.175,1.141912,-1,-1,-13,-13
v1,c2670,c2670_trojan42,PASS,PASS,PASS_STABLE,819.243,574.864,1.425108,-1,-1,-9,-9
v1,c2670,c2670_trojan43,PASS,PASS,PASS_STABLE,2477.540,1879.610,1.318114,-1,-1,-9,-9
v1,c2670,c2670_trojan44,PASS,PASS,PASS_STABLE,482.771,414.119,1.165778,-1,-1,0,0
v1,c2670,c2670_trojan45,PASS,PASS,PASS_STABLE,563.346,466.507,1.207583,-1,-1,0,0
v1,c2670,c2670_trojan46,PASS,PASS,PASS_STABLE,1854.320,1033.090,1.794926,-1,-1,-11,-11
v1,c2670,c2670_trojan47,PASS,PASS,PASS_STABLE,792.503,614.101,1.290509,-1,-1,0,0
v1,c2670,c2670_trojan48,PASS,PASS,PASS_STABLE,1212.480,991.991,1.222269,-1,-1,-12,-12
v1,c2670,c2670_trojan49,PASS,PASS,PASS_STABLE,664.899,468.107,1.420400,-1,-1,-13,-13
v1,c2670,c2670_trojan5,PASS,PASS,PASS_STABLE,619.637,445.251,1.391658,-1,-1,0,0
v1,c2670,c2670_trojan50,PASS,PASS,PASS_STABLE,553.060,376.374,1.469443,-1,-1,-3,-3
v1,c2670,c2670_trojan51,CEC_FAIL,PASS,GAIN,3307.520,653.198,,3,-1,1,-3
v1,c2670,c2670_trojan52,PASS,PASS,PASS_STABLE,921.759,581.914,1.584012,-1,-1,0,0
v1,c2670,c2670_trojan53,PASS,PASS,PASS_STABLE,2674.400,1592.000,1.679899,-1,-1,-5,-5
v1,c2670,c2670_trojan54,PASS,PASS,PASS_STABLE,608.817,504.983,1.205619,-1,-1,0,0
v1,c2670,c2670_trojan55,PASS,PASS,PASS_STABLE,732.793,448.131,1.635221,-1,-1,0,0
v1,c2670,c2670_trojan56,PASS,PASS,PASS_STABLE,737.742,501.562,1.470889,-1,-1,-5,-5
v1,c2670,c2670_trojan57,PASS,PASS,PASS_STABLE,769.609,569.241,1.351992,-1,-1,-2,-2
v1,c2670,c2670_trojan58,PASS,PASS,PASS_STABLE,864.892,608.125,1.422227,-1,-1,0,0
v1,c2670,c2670_trojan59,PASS,PASS,PASS_STABLE,563.538,389.082,1.448378,-1,-1,-6,-6
v1,c2670,c2670_trojan6,PASS,PASS,PASS_STABLE,617.175,536.196,1.151025,-1,-1,0,0
v1,c2670,c2670_trojan60,PASS,PASS,PASS_STABLE,1376.580,941.192,1.462592,-1,-1,0,0
v1,c2670,c2670_trojan61,PASS,PASS,PASS_STABLE,674.641,499.262,1.351276,-1,-1,-2,-2
v1,c2670,c2670_trojan62,CEC_FAIL,PASS,GAIN,2563.320,704.751,,1,-1,2,-3
v1,c2670,c2670_trojan63,PASS,PASS,PASS_STABLE,581.264,384.395,1.512153,-1,-1,-5,-5
v1,c2670,c2670_trojan64,PASS,PASS,PASS_STABLE,1085.900,780.080,1.392037,-1,-1,-7,-7
v1,c2670,c2670_trojan65,PASS,PASS,PASS_STABLE,2660.800,798.433,3.332528,2,-1,1,-2
v1,c2670,c2670_trojan66,CEC_FAIL,PASS,GAIN,2442.880,655.810,,1,-1,6,-3
v1,c2670,c2670_trojan67,PASS,PASS,PASS_STABLE,653.009,558.537,1.169142,-1,-1,0,0
v1,c2670,c2670_trojan68,PASS,PASS,PASS_STABLE,641.796,405.600,1.582337,-1,-1,-3,-3
v1,c2670,c2670_trojan69,PASS,PASS,PASS_STABLE,701.687,523.713,1.339831,-1,-1,0,0
v1,c2670,c2670_trojan7,PASS,PASS,PASS_STABLE,714.483,530.244,1.347461,-1,-1,-12,-12
v1,c2670,c2670_trojan70,PASS,PASS,PASS_STABLE,535.365,380.596,1.406649,-1,-1,-2,-2
v1,c2670,c2670_trojan71,PASS,PASS,PASS_STABLE,1266.630,895.187,1.414933,-1,-1,-2,-2
v1,c2670,c2670_trojan72,PASS,PASS,PASS_STABLE,503.554,383.598,1.312713,-1,-1,-3,-3
v1,c2670,c2670_trojan73,PASS,PASS,PASS_STABLE,781.828,569.923,1.371813,-1,-1,-2,-2
v1,c2670,c2670_trojan74,PASS,PASS,PASS_STABLE,1045.150,654.132,1.597766,-1,-1,0,0
v1,c2670,c2670_trojan75,PASS,PASS,PASS_STABLE,3715.980,2646.350,1.404191,-1,-1,-5,-5
v1,c2670,c2670_trojan76,PASS,PASS,PASS_STABLE,607.181,413.319,1.469037,-1,-1,-2,-2
v1,c2670,c2670_trojan77,PASS,PASS,PASS_STABLE,579.299,451.455,1.283182,-1,-1,0,0
v1,c2670,c2670_trojan78,PASS,PASS,PASS_STABLE,2732.360,1553.950,1.758332,-1,-1,-5,-5
v1,c2670,c2670_trojan79,PASS,PASS,PASS_STABLE,2071.710,925.730,2.237920,-1,-1,0,0
v1,c2670,c2670_trojan8,PASS,PASS,PASS_STABLE,817.513,558.679,1.463296,-1,-1,-13,-13
v1,c2670,c2670_trojan80,PASS,PASS,PASS_STABLE,1473.030,909.300,1.619960,-1,-1,-3,-3
v1,c2670,c2670_trojan81,PASS,PASS,PASS_STABLE,2935.870,1662.270,1.766181,-1,-1,-2,-2
v1,c2670,c2670_trojan82,PASS,PASS,PASS_STABLE,586.583,407.472,1.439566,-1,-1,0,0
v1,c2670,c2670_trojan83,CEC_FAIL,PASS,GAIN,3777.690,864.160,,2,-1,0,0
v1,c2670,c2670_trojan84,PASS,PASS,PASS_STABLE,709.372,526.760,1.346670,-1,-1,0,0
v1,c2670,c2670_trojan85,PASS,PASS,PASS_STABLE,637.645,504.303,1.264409,-1,-1,0,0
v1,c2670,c2670_trojan86,PASS,PASS,PASS_STABLE,805.365,633.198,1.271901,-1,-1,0,0
v1,c2670,c2670_trojan87,PASS,PASS,PASS_STABLE,622.629,500.971,1.242844,-1,-1,-2,-2
v1,c2670,c2670_trojan88,PASS,PASS,PASS_STABLE,562.093,554.310,1.014041,-1,-1,0,0
v1,c2670,c2670_trojan89,PASS,PASS,PASS_STABLE,643.559,490.278,1.312641,-1,-1,-1,-1
v1,c2670,c2670_trojan9,PASS,PASS,PASS_STABLE,471.193,444.369,1.060364,-1,-1,-12,-12
v1,c2670,c2670_trojan90,PASS,PASS,PASS_STABLE,839.070,604.038,1.389101,-1,-1,0,0
v1,c2670,c2670_trojan91,PASS,PASS,PASS_STABLE,2171.480,1157.360,1.876236,-1,-1,-7,-7
v1,c2670,c2670_trojan92,PASS,PASS,PASS_STABLE,1085.840,756.135,1.436040,-1,-1,-7,-7
v1,c2670,c2670_trojan93,PASS,PASS,PASS_STABLE,775.504,520.263,1.490600,-1,-1,0,0
v1,c2670,c2670_trojan94,PASS,PASS,PASS_STABLE,902.293,616.392,1.463830,-1,-1,-4,-4
v1,c2670,c2670_trojan95,PASS,PASS,PASS_STABLE,678.220,466.327,1.454387,-1,-1,0,0
v1,c2670,c2670_trojan96,PASS,PASS,PASS_STABLE,2296.940,1167.360,1.967636,-1,-1,-7,-7
v1,c2670,c2670_trojan97,PASS,PASS,PASS_STABLE,866.403,589.055,1.470835,-1,-1,-7,-7
v1,c2670,c2670_trojan98,PASS,PASS,PASS_STABLE,1294.090,867.512,1.491726,-1,-1,0,0
v1,c2670,c2670_trojan99,PASS,PASS,PASS_STABLE,1046.920,730.854,1.432461,-1,-1,-2,-2
v1,c3540,c3540_trojan0,PASS,PASS,PASS_STABLE,15841.600,5314.320,2.980927,2,-1,0,0
v1,c3540,c3540_trojan1,PASS,PASS,PASS_STABLE,3536.470,2670.300,1.324372,-1,-1,0,0
v1,c3540,c3540_trojan10,PASS,PASS,PASS_STABLE,10583.000,2906.690,3.640911,2,-1,1,0
v1,c3540,c3540_trojan11,PASS,PASS,PASS_STABLE,9347.140,5804.980,1.610193,-1,-1,0,0
v1,c3540,c3540_trojan12,PASS,PASS,PASS_STABLE,2978.850,1074.490,2.772339,2,-1,1,0
v1,c3540,c3540_trojan13,PASS,PASS,PASS_STABLE,2493.500,898.147,2.776272,2,-1,0,0
v1,c3540,c3540_trojan14,PASS,PASS,PASS_STABLE,3618.310,1910.110,1.894294,-1,-1,0,0
v1,c3540,c3540_trojan15,PASS,PASS,PASS_STABLE,3763.910,1844.200,2.040945,-1,-1,0,0
v1,c3540,c3540_trojan16,PASS,PASS,PASS_STABLE,2272.340,749.660,3.031161,2,-1,1,-6
v1,c3540,c3540_trojan17,PASS,PASS,PASS_STABLE,17941.600,4998.360,3.589497,2,-1,0,0
v1,c3540,c3540_trojan18,PASS,PASS,PASS_STABLE,7363.610,4147.700,1.775348,-1,-1,0,0
v1,c3540,c3540_trojan19,PASS,PASS,PASS_STABLE,793.985,710.950,1.116794,-1,-1,0,0
v1,c3540,c3540_trojan2,PASS,PASS,PASS_STABLE,8814.930,7618.000,1.157119,-1,-1,0,0
v1,c3540,c3540_trojan20,PASS,PASS,PASS_STABLE,4833.420,2218.840,2.178354,-1,-1,0,0
v1,c3540,c3540_trojan21,PASS,PASS,PASS_STABLE,4093.590,3590.380,1.140155,-1,-1,0,0
v1,c3540,c3540_trojan22,PASS,PASS,PASS_STABLE,3457.100,8435.320,0.409836,-1,-1,-4,-4
v1,c3540,c3540_trojan23,PASS,PASS,PASS_STABLE,3779.390,3537.440,1.068397,-1,-1,0,0
v1,c3540,c3540_trojan24,PASS,PASS,PASS_STABLE,5786.830,3575.600,1.618422,-1,-1,0,0
v1,c3540,c3540_trojan25,PASS,PASS,PASS_STABLE,594.398,505.760,1.175257,-1,-1,-4,-4
v1,c3540,c3540_trojan26,PASS,PASS,PASS_STABLE,2456.890,748.309,3.283256,-1,-1,0,0
v1,c3540,c3540_trojan27,PASS,PASS,PASS_STABLE,2511.770,1209.540,2.076632,-1,-1,0,0
v1,c3540,c3540_trojan28,PASS,PASS,PASS_STABLE,9148.970,2094.180,4.368760,2,-1,0,0
v1,c3540,c3540_trojan29,PASS,PASS,PASS_STABLE,1062.500,640.050,1.660027,-1,-1,0,0
v1,c3540,c3540_trojan3,PASS,PASS,PASS_STABLE,4669.380,2021.960,2.309334,-1,-1,-6,-6
v1,c3540,c3540_trojan30,PASS,PASS,PASS_STABLE,3167.340,1743.960,1.816177,-1,-1,0,0
v1,c3540,c3540_trojan31,PASS,PASS,PASS_STABLE,11116.700,2893.010,3.842607,2,-1,1,0
v1,c3540,c3540_trojan32,PASS,PASS,PASS_STABLE,3409.410,1813.490,1.880027,-1,-1,0,0
v1,c3540,c3540_trojan33,PASS,PASS,PASS_STABLE,2608.770,867.308,3.007893,2,-1,0,0
v1,c3540,c3540_trojan34,PASS,PASS,PASS_STABLE,728.415,571.236,1.275156,-1,-1,0,0
v1,c3540,c3540_trojan35,PASS,PASS,PASS_STABLE,16083.500,4708.760,3.415655,2,-1,0,0
v1,c3540,c3540_trojan36,PASS,PASS,PASS_STABLE,9125.110,6741.450,1.353583,-1,-1,0,0
v1,c3540,c3540_trojan37,CEC_FAIL,PASS,GAIN,4153.350,1620.970,,1,-1,1,0
v1,c3540,c3540_trojan38,PASS,PASS,PASS_STABLE,2437.780,669.197,3.642844,2,-1,0,0
v1,c3540,c3540_trojan39,PASS,PASS,PASS_STABLE,7082.320,1862.150,3.803303,2,-1,1,0
v1,c3540,c3540_trojan4,PASS,PASS,PASS_STABLE,4297.520,2793.260,1.538532,-1,-1,0,0
v1,c3540,c3540_trojan40,PASS,PASS,PASS_STABLE,10041.300,10860.000,0.924613,-1,-1,0,0
v1,c3540,c3540_trojan41,PASS,PASS,PASS_STABLE,1705.640,969.020,1.760170,3,3,1,1
v1,c3540,c3540_trojan42,PASS,PASS,PASS_STABLE,6753.210,5087.490,1.327415,2,2,1,1
v1,c3540,c3540_trojan43,PASS,PASS,PASS_STABLE,8595.580,2750.240,3.125393,2,-1,1,0
v1,c3540,c3540_trojan44,PASS,PASS,PASS_STABLE,1388.770,497.839,2.789597,2,-1,0,0
v1,c3540,c3540_trojan45,PASS,PASS,PASS_STABLE,9810.580,5068.870,1.935457,2,-1,1,0
v1,c3540,c3540_trojan46,PASS,PASS,PASS_STABLE,2507.150,1712.850,1.463730,2,2,0,0
v1,c3540,c3540_trojan47,PASS,PASS,PASS_STABLE,10377.000,3233.030,3.209683,2,-1,0,0
v1,c3540,c3540_trojan48,PASS,PASS,PASS_STABLE,3302.830,2814.300,1.173588,2,-1,1,0
v1,c3540,c3540_trojan49,PASS,PASS,PASS_STABLE,1548.980,997.199,1.553331,-1,-1,0,0
v1,c3540,c3540_trojan5,PASS,PASS,PASS_STABLE,9296.600,6102.170,1.523491,-1,-1,0,0
v1,c3540,c3540_trojan50,PASS,PASS,PASS_STABLE,11822.600,3703.280,3.192467,3,-1,0,0
v1,c3540,c3540_trojan51,PASS,PASS,PASS_STABLE,5077.860,3225.790,1.574145,-1,-1,0,0
v1,c3540,c3540_trojan52,PASS,PASS,PASS_STABLE,11359.400,12616.300,0.900375,-1,-1,0,0
v1,c3540,c3540_trojan53,PASS,PASS,PASS_STABLE,3881.350,2529.870,1.534209,-1,-1,0,0
v1,c3540,c3540_trojan54,PASS,PASS,PASS_STABLE,9532.670,4841.080,1.969121,-1,-1,0,0
v1,c3540,c3540_trojan55,PASS,PASS,PASS_STABLE,12929.400,7701.040,1.678916,-1,-1,0,0
v1,c3540,c3540_trojan56,PASS,PASS,PASS_STABLE,896.072,627.845,1.427219,-1,-1,0,0
v1,c3540,c3540_trojan57,PASS,PASS,PASS_STABLE,2370.550,1221.110,1.941307,-1,-1,0,0
v1,c3540,c3540_trojan58,PASS,PASS,PASS_STABLE,3265.050,1917.910,1.702400,-1,-1,0,0
v1,c3540,c3540_trojan59,PASS,PASS,PASS_STABLE,3501.500,2640.940,1.325854,-1,-1,0,0
v1,c3540,c3540_trojan6,PASS,PASS,PASS_STABLE,1456.980,542.608,2.685143,2,-1,1,0
v1,c3540,c3540_trojan60,PASS,PASS,PASS_STABLE,5609.580,3842.370,1.459927,-1,-1,0,0
v1,c3540,c3540_trojan61,PASS,PASS,PASS_STABLE,11762.700,12277.100,0.958101,-1,-1,0,0
v1,c3540,c3540_trojan62,PASS,PASS,PASS_STABLE,1197.520,938.161,1.276455,-1,-1,0,0
v1,c3540,c3540_trojan63,PASS,PASS,PASS_STABLE,2975.570,1756.070,1.694448,-1,-1,0,0
v1,c3540,c3540_trojan64,PASS,PASS,PASS_STABLE,3315.020,1901.650,1.743234,-1,-1,0,0
v1,c3540,c3540_trojan65,PASS,PASS,PASS_STABLE,6864.910,4377.600,1.568190,-1,-1,0,0
v1,c3540,c3540_trojan66,PASS,PASS,PASS_STABLE,24901.400,7136.170,3.489463,3,-1,0,0
v1,c3540,c3540_trojan67,PASS,PASS,PASS_STABLE,9279.080,6888.120,1.347114,-1,-1,0,0
v1,c3540,c3540_trojan68,PASS,PASS,PASS_STABLE,9811.540,6789.430,1.445120,-1,-1,0,0
v1,c3540,c3540_trojan69,PASS,PASS,PASS_STABLE,1502.770,1027.380,1.462721,-1,-1,0,0
v1,c3540,c3540_trojan7,PASS,PASS,PASS_STABLE,2118.670,1198.780,1.767355,-1,-1,0,0
v1,c3540,c3540_trojan70,PASS,PASS,PASS_STABLE,9756.220,2647.800,3.684651,2,-1,0,0
v1,c3540,c3540_trojan71,PASS,PASS,PASS_STABLE,2795.690,1647.280,1.697155,-1,-1,0,0
v1,c3540,c3540_trojan72,PASS,PASS,PASS_STABLE,3723.730,2028.440,1.835760,-1,-1,0,0
v1,c3540,c3540_trojan73,PASS,PASS,PASS_STABLE,3678.710,2152.180,1.709295,-1,-1,0,0
v1,c3540,c3540_trojan74,PASS,PASS,PASS_STABLE,5452.390,3448.640,1.581026,-1,-1,0,0
v1,c3540,c3540_trojan75,PASS,PASS,PASS_STABLE,635.176,507.749,1.250965,-1,-1,0,0
v1,c3540,c3540_trojan76,PASS,PASS,PASS_STABLE,1273.550,848.272,1.501346,-1,-1,0,0
v1,c3540,c3540_trojan77,PASS,PASS,PASS_STABLE,2654.430,1369.900,1.937682,-1,-1,0,0
v1,c3540,c3540_trojan78,PASS,PASS,PASS_STABLE,1908.510,741.692,2.573184,3,-1,0,0
v1,c3540,c3540_trojan79,PASS,PASS,PASS_STABLE,2955.010,1697.360,1.740945,-1,-1,0,0
v1,c3540,c3540_trojan8,PASS,PASS,PASS_STABLE,3005.580,1689.680,1.778787,-1,-1,0,0
v1,c3540,c3540_trojan80,PASS,PASS,PASS_STABLE,3399.790,1990.030,1.708411,-1,-1,0,0
v1,c3540,c3540_trojan81,PASS,PASS,PASS_STABLE,22225.800,7666.080,2.899239,3,-1,0,0
v1,c3540,c3540_trojan82,PASS,PASS,PASS_STABLE,4414.620,2401.280,1.838444,-1,-1,0,0
v1,c3540,c3540_trojan83,PASS,PASS,PASS_STABLE,2881.510,974.777,2.956071,3,-1,0,0
v1,c3540,c3540_trojan84,PASS,PASS,PASS_STABLE,7367.370,3256.390,2.262435,2,-1,0,0
v1,c3540,c3540_trojan85,PASS,PASS,PASS_STABLE,1617.910,559.889,2.889698,3,-1,0,0
v1,c3540,c3540_trojan86,PASS,PASS,PASS_STABLE,12499.300,10820.200,1.155182,-1,-1,0,0
v1,c3540,c3540_trojan87,PASS,PASS,PASS_STABLE,622.359,509.601,1.221267,-1,-1,0,0
v1,c3540,c3540_trojan88,PASS,PASS,PASS_STABLE,5304.990,1802.330,2.943407,3,-1,0,0
v1,c3540,c3540_trojan89,PASS,PASS,PASS_STABLE,3672.310,2092.090,1.755331,-1,-1,0,0
v1,c3540,c3540_trojan9,PASS,PASS,PASS_STABLE,3322.240,1964.330,1.691284,-1,-1,0,0
v1,c3540,c3540_trojan90,PASS,PASS,PASS_STABLE,14072.400,12768.000,1.102162,-1,-1,0,0
v1,c3540,c3540_trojan91,PASS,PASS,PASS_STABLE,1476.840,777.486,1.899507,-1,-1,0,0
v1,c3540,c3540_trojan92,PASS,PASS,PASS_STABLE,6354.750,4473.900,1.420405,1,1,0,0
v1,c3540,c3540_trojan93,PASS,PASS,PASS_STABLE,3953.780,2391.710,1.653118,-1,-1,0,0
v1,c3540,c3540_trojan94,PASS,PASS,PASS_STABLE,887.428,917.288,0.967448,-1,-1,0,0
v1,c3540,c3540_trojan95,PASS,PASS,PASS_STABLE,6638.720,4077.630,1.628083,-1,-1,0,0
v1,c3540,c3540_trojan96,PASS,PASS,PASS_STABLE,1992.220,1223.040,1.628908,1,1,0,0
v1,c3540,c3540_trojan97,PASS,PASS,PASS_STABLE,14142.800,4817.370,2.935793,3,-1,0,0
v1,c3540,c3540_trojan98,PASS,PASS,PASS_STABLE,2753.190,1556.950,1.768323,-1,-1,0,0
v1,c3540,c3540_trojan99,PASS,PASS,PASS_STABLE,3494.080,1927.320,1.812922,-1,-1,0,0
v1,c5315,c5315_trojan0,PASS,PASS,PASS_STABLE,70766.500,48765.200,1.451168,8,-1,0,0
v1,c5315,c5315_trojan1,PASS,PASS,PASS_STABLE,76503.100,27763.500,2.755528,4,-1,0,0
v1,c5315,c5315_trojan10,PASS,PASS,PASS_STABLE,62085.100,25285.000,2.455412,7,-1,0,0
v1,c5315,c5315_trojan11,PASS,PASS,PASS_STABLE,22242.100,29037.200,0.765986,7,-1,0,0
v1,c5315,c5315_trojan12,PASS,PASS,PASS_STABLE,38879.900,29334.800,1.325385,8,-1,1,-4
v1,c5315,c5315_trojan13,PASS,PASS,PASS_STABLE,21178.300,7101.840,2.982086,7,-1,0,0
v1,c5315,c5315_trojan14,CEC_FAIL,PASS,GAIN,376637.000,24416.600,,27,-1,8,0
v1,c5315,c5315_trojan15,PASS,PASS,PASS_STABLE,17719.200,4759.110,3.723217,4,-1,0,0
v1,c5315,c5315_trojan16,PASS,PASS,PASS_STABLE,67492.300,196173.000,0.344045,8,-1,0,0
v1,c5315,c5315_trojan17,PASS,PASS,PASS_STABLE,1704.080,811.901,2.098877,4,-1,0,0
v1,c5315,c5315_trojan18,FAIL,PASS,GAIN,138509.000,127893.000,,,-1,,0
v1,c5315,c5315_trojan19,PASS,PASS,PASS_STABLE,25451.700,9717.490,2.619164,7,-1,0,0
v1,c5315,c5315_trojan2,PASS,PASS,PASS_STABLE,65011.300,44682.000,1.454977,8,-1,0,0
v1,c5315,c5315_trojan20,FAIL,PASS,GAIN,290366.000,264624.000,,,-1,,0
v1,c5315,c5315_trojan21,FAIL,TIMEOUT,FAIL_STABLE,358931.000,,,,,,
v1,c5315,c5315_trojan22,PASS,PASS,PASS_STABLE,25422.200,12790.400,1.987600,7,-1,0,0
v1,c5315,c5315_trojan23,FAIL,PASS,GAIN,281039.000,225319.000,,,-1,,0
v1,c5315,c5315_trojan24,PASS,PASS,PASS_STABLE,72546.100,57441.800,1.262950,9,-1,0,0
v1,c5315,c5315_trojan25,PASS,PASS,PASS_STABLE,22263.700,5907.930,3.768443,10,-1,0,0
v1,c5315,c5315_trojan26,PASS,PASS,PASS_STABLE,2077.330,670.512,3.098125,7,-1,0,0
v1,c5315,c5315_trojan27,PASS,PASS,PASS_STABLE,46017.400,16900.100,2.722907,8,-1,0,0
v1,c5315,c5315_trojan28,PASS,PASS,PASS_STABLE,3126.890,1045.930,2.989579,6,-1,0,0
v1,c5315,c5315_trojan29,PASS,PASS,PASS_STABLE,40193.600,15185.800,2.646788,8,-1,0,0
v1,c5315,c5315_trojan3,PASS,PASS,PASS_STABLE,14618.100,3737.730,3.910957,8,-1,0,0
v1,c5315,c5315_trojan30,PASS,PASS,PASS_STABLE,27769.000,7318.690,3.794258,4,-1,0,0
v1,c5315,c5315_trojan31,CEC_FAIL,TIMEOUT,FAIL_STABLE,972685.000,,,2502,,32,
v1,c5315,c5315_trojan32,PASS,PASS,PASS_STABLE,19558.400,5883.440,3.324314,10,-1,0,0
v1,c5315,c5315_trojan33,CEC_FAIL,PASS,GAIN,169911.000,11214.500,,26,-1,5,0
v1,c5315,c5315_trojan34,PASS,PASS,PASS_STABLE,2112.990,1642.220,1.286667,6,6,0,0
v1,c5315,c5315_trojan35,PASS,PASS,PASS_STABLE,27815.700,9406.890,2.956950,7,-1,0,0
v1,c5315,c5315_trojan36,PASS,PASS,PASS_STABLE,20577.800,5850.320,3.517380,4,-1,1,-11
v1,c5315,c5315_trojan37,CEC_FAIL,PASS,GAIN,358687.000,162656.000,,461,-1,20,0
v1,c5315,c5315_trojan38,FAIL,TIMEOUT,FAIL_STABLE,596897.000,,,,,,
v1,c5315,c5315_trojan39,PASS,PASS,PASS_STABLE,39760.900,10196.600,3.899427,3,-1,0,0
v1,c5315,c5315_trojan4,PASS,PASS,PASS_STABLE,40735.400,16452.100,2.476000,2,-1,0,0
v1,c5315,c5315_trojan40,CEC_FAIL,PASS,GAIN,817654.000,138188.000,,492,-1,30,0
v1,c5315,c5315_trojan41,PASS,PASS,PASS_STABLE,29608.400,11295.500,2.621256,10,-1,0,-9
v1,c5315,c5315_trojan42,PASS,PASS,PASS_STABLE,1295.380,555.546,2.331724,4,-1,0,0
v1,c5315,c5315_trojan43,FAIL,PASS,GAIN,340079.000,283064.000,,,-1,,0
v1,c5315,c5315_trojan44,PASS,PASS,PASS_STABLE,29749.500,11641.300,2.555514,7,-1,1,-11
v1,c5315,c5315_trojan45,PASS,PASS,PASS_STABLE,2236.670,773.710,2.890838,6,-1,14,0
v1,c5315,c5315_trojan46,PASS,PASS,PASS_STABLE,14092.800,3506.270,4.019314,7,-1,0,0
v1,c5315,c5315_trojan47,PASS,PASS,PASS_STABLE,22825.200,7166.590,3.184946,7,-1,0,0
v1,c5315,c5315_trojan48,PASS,TIMEOUT,REGRESSION,86759.700,,,8,,0,
v1,c5315,c5315_trojan49,CEC_FAIL,PASS,GAIN,15272.800,23763.600,,193,-1,25,0
v1,c5315,c5315_trojan5,PASS,PASS,PASS_STABLE,28069.400,8746.400,3.209252,7,-1,0,0
v1,c5315,c5315_trojan50,PASS,PASS,PASS_STABLE,63839.000,35678.000,1.789310,7,-1,0,-11
v1,c5315,c5315_trojan51,PASS,PASS,PASS_STABLE,84712.100,30940.900,2.737868,2,-1,0,0
v1,c5315,c5315_trojan52,CEC_FAIL,PASS,GAIN,503673.000,201188.000,,827,-1,37,-2
v1,c5315,c5315_trojan53,PASS,PASS,PASS_STABLE,14803.300,6360.390,2.327420,4,-1,1,-4
v1,c5315,c5315_trojan54,PASS,PASS,PASS_STABLE,37827.100,13090.200,2.889727,4,-1,1,-4
v1,c5315,c5315_trojan55,CEC_FAIL,CEC_FAIL,FAIL_STABLE,166958.000,59953.500,,18,14,6,7
v1,c5315,c5315_trojan56,PASS,PASS,PASS_STABLE,30568.700,9018.830,3.389431,4,-1,1,-5
v1,c5315,c5315_trojan57,PASS,PASS,PASS_STABLE,25988.600,8014.440,3.242722,6,-1,0,-8
v1,c5315,c5315_trojan58,PASS,PASS,PASS_STABLE,31902.800,9219.530,3.460350,2,-1,0,0
v1,c5315,c5315_trojan59,PASS,PASS,PASS_STABLE,1354.270,617.290,2.193896,-1,-1,-5,-5
v1,c5315,c5315_trojan6,PASS,PASS,PASS_STABLE,31978.800,8582.710,3.725956,8,-1,0,0
v1,c5315,c5315_trojan60,PASS,PASS,PASS_STABLE,54206.300,22481.400,2.411162,4,-1,0,-8
v1,c5315,c5315_trojan61,PASS,PASS,PASS_STABLE,24261.300,8827.750,2.748299,4,-1,1,-5
v1,c5315,c5315_trojan62,PASS,PASS,PASS_STABLE,33296.300,12043.900,2.764578,5,-1,0,0
v1,c5315,c5315_trojan63,PASS,PASS,PASS_STABLE,23253.700,6454.240,3.602856,4,-1,0,-10
v1,c5315,c5315_trojan64,PASS,PASS,PASS_STABLE,50160.400,18393.500,2.727072,4,-1,0,-8
v1,c5315,c5315_trojan65,PASS,PASS,PASS_STABLE,18059.500,5247.230,3.441721,2,-1,0,0
v1,c5315,c5315_trojan66,FAIL,PASS,GAIN,223603.000,163800.000,,,-1,,-5
v1,c5315,c5315_trojan67,PASS,PASS,PASS_STABLE,1732.710,926.619,1.869927,4,-1,0,0
v1,c5315,c5315_trojan68,FAIL,PASS,GAIN,150600.000,119137.000,,,-1,,0
v1,c5315,c5315_trojan69,PASS,PASS,PASS_STABLE,24255.000,9390.000,2.583067,4,-1,1,-9
v1,c5315,c5315_trojan7,PASS,PASS,PASS_STABLE,47380.100,7121.250,6.653340,2,-1,1,-10
v1,c5315,c5315_trojan70,CEC_FAIL,PASS,GAIN,797635.000,277489.000,,1206,-1,15,-9
v1,c5315,c5315_trojan71,FAIL,TIMEOUT,FAIL_STABLE,390794.000,,,,,,
v1,c5315,c5315_trojan72,PASS,PASS,PASS_STABLE,28020.900,10049.100,2.788399,4,-1,0,-3
v1,c5315,c5315_trojan73,FAIL,PASS,GAIN,332810.000,274018.000,,,-1,,-6
v1,c5315,c5315_trojan74,PASS,PASS,PASS_STABLE,75773.200,282705.000,0.268029,7,-1,0,-3
v1,c5315,c5315_trojan75,PASS,PASS,PASS_STABLE,25967.900,7763.140,3.345025,4,-1,0,0
v1,c5315,c5315_trojan76,PASS,PASS,PASS_STABLE,1633.310,648.749,2.517630,4,-1,0,0
v1,c5315,c5315_trojan77,PASS,PASS,PASS_STABLE,44716.700,13524.400,3.306372,4,-1,0,-9
v1,c5315,c5315_trojan78,CEC_FAIL,CEC_FAIL,FAIL_STABLE,194638.000,86206.700,,16,14,13,8
v1,c5315,c5315_trojan79,PASS,PASS,PASS_STABLE,34780.700,10907.300,3.188754,7,-1,1,-6
v1,c5315,c5315_trojan8,PASS,PASS,PASS_STABLE,30957.100,13049.500,2.372282,4,-1,0,0
v1,c5315,c5315_trojan80,PASS,PASS,PASS_STABLE,31344.900,8589.210,3.649334,2,-1,0,0
v1,c5315,c5315_trojan81,CEC_FAIL,TIMEOUT,FAIL_STABLE,898980.000,,,1231,,28,
v1,c5315,c5315_trojan82,PASS,PASS,PASS_STABLE,18727.000,4998.310,3.746666,4,-1,2,-5
v1,c5315,c5315_trojan83,PASS,PASS,PASS_STABLE,1745.550,697.564,2.502351,4,-1,1,-10
v1,c5315,c5315_trojan84,PASS,PASS,PASS_STABLE,1915.260,646.385,2.963033,7,-1,0,0
v1,c5315,c5315_trojan85,PASS,PASS,PASS_STABLE,28384.500,8976.650,3.162037,4,-1,0,-3
v1,c5315,c5315_trojan86,PASS,PASS,PASS_STABLE,14053.600,3537.470,3.972783,6,-1,0,-7
v1,c5315,c5315_trojan87,FAIL,PASS,GAIN,245140.000,185923.000,,,-1,,-2
v1,c5315,c5315_trojan88,FAIL,TIMEOUT,FAIL_STABLE,422779.000,,,,,,
v1,c5315,c5315_trojan89,PASS,PASS,PASS_STABLE,45822.800,10450.200,4.384873,2,-1,0,0
v1,c5315,c5315_trojan9,PASS,PASS,PASS_STABLE,1221.400,474.074,2.576391,-1,-1,-8,-8
v1,c5315,c5315_trojan90,CEC_FAIL,PASS,GAIN,810562.000,139534.000,,480,-1,33,-9
v1,c5315,c5315_trojan91,PASS,PASS,PASS_STABLE,24812.400,10668.700,2.325719,6,-1,1,-1
v1,c5315,c5315_trojan92,PASS,PASS,PASS_STABLE,1396.280,664.106,2.102496,2,-1,0,0
v1,c5315,c5315_trojan93,CEC_FAIL,PASS,GAIN,874760.000,251401.000,,12370,-1,31,-11
v1,c5315,c5315_trojan94,PASS,PASS,PASS_STABLE,25994.500,9395.660,2.766650,5,-1,0,-6
v1,c5315,c5315_trojan95,PASS,PASS,PASS_STABLE,3267.100,790.983,4.130430,6,-1,1,0
v1,c5315,c5315_trojan96,PASS,PASS,PASS_STABLE,14274.900,3455.930,4.130552,4,-1,1,0
v1,c5315,c5315_trojan97,PASS,PASS,PASS_STABLE,24432.900,6903.210,3.539353,4,-1,1,-6
v1,c5315,c5315_trojan98,TIMEOUT,TIMEOUT,FAIL_STABLE,,,,80,,9,
v1,c5315,c5315_trojan99,TIMEOUT,PASS,GAIN,,23276.400,,192,-1,7,-8
v1,c6288,c6288_trojan0,PASS,PASS,PASS_STABLE,74649.700,5115.860,14.591818,3,-1,1,-40
v1,c7552,c7552_trojan0,PASS,PASS,PASS_STABLE,29140.200,7256.570,4.015699,6,-1,0,0
v1,c7552,c7552_trojan1,PASS,PASS,PASS_STABLE,22408.700,4850.720,4.619665,4,-1,0,0
v1,c7552,c7552_trojan11,PASS,PASS,PASS_STABLE,7675.250,2064.930,3.716954,4,-1,0,0
v1,c7552,c7552_trojan12,PASS,PASS,PASS_STABLE,34369.900,8534.780,4.027040,4,-1,0,0
v1,c7552,c7552_trojan13,PASS,PASS,PASS_STABLE,8346.040,1209.150,6.902403,2,-1,0,0
v1,c7552,c7552_trojan15,PASS,PASS,PASS_STABLE,877.074,565.023,1.552280,-1,-1,0,0
v1,c7552,c7552_trojan16,PASS,PASS,PASS_STABLE,11102.500,1132.900,9.800071,3,-1,0,0
v1,c7552,c7552_trojan17,PASS,PASS,PASS_STABLE,14928.300,1847.060,8.082195,5,-1,0,0
v1,c7552,c7552_trojan18,CEC_FAIL,PASS,GAIN,5208.650,1768.960,,1,-1,0,0
v1,c7552,c7552_trojan19,PASS,PASS,PASS_STABLE,37340.900,11863.200,3.147625,4,-1,0,0
v1,c7552,c7552_trojan2,CEC_FAIL,PASS,GAIN,9271.480,698.089,,5,-1,0,0
v1,c7552,c7552_trojan20,CEC_FAIL,PASS,GAIN,5442.950,1336.960,,1,-1,0,0
v1,c7552,c7552_trojan21,PASS,PASS,PASS_STABLE,32352.900,8356.480,3.871594,6,-1,0,0
v1,c7552,c7552_trojan22,PASS,PASS,PASS_STABLE,9606.980,2417.550,3.973850,6,-1,0,0
v1,c7552,c7552_trojan23,CEC_FAIL,PASS,GAIN,40773.800,5066.230,,3,-1,0,0
v1,c7552,c7552_trojan25,PASS,PASS,PASS_STABLE,21129.400,5376.340,3.930071,5,-1,0,0
v1,c7552,c7552_trojan26,PASS,PASS,PASS_STABLE,1546.980,550.269,2.811316,-1,-1,0,0
v1,c7552,c7552_trojan27,PASS,PASS,PASS_STABLE,2770.630,822.012,3.370547,2,-1,0,0
v1,c7552,c7552_trojan28,PASS,PASS,PASS_STABLE,16293.500,3807.270,4.279576,6,-1,0,0
v1,c7552,c7552_trojan29,PASS,PASS,PASS_STABLE,28951.900,7899.130,3.665201,4,-1,0,0
v1,c7552,c7552_trojan3,PASS,PASS,PASS_STABLE,40099.900,11280.300,3.554861,4,-1,0,0
v1,c7552,c7552_trojan30,PASS,PASS,PASS_STABLE,23168.400,5244.340,4.417791,5,-1,0,0
v1,c7552,c7552_trojan31,PASS,PASS,PASS_STABLE,25441.400,3032.370,8.389939,5,-1,0,0
v1,c7552,c7552_trojan32,PASS,PASS,PASS_STABLE,862.762,546.916,1.577504,-1,-1,0,0
v1,c7552,c7552_trojan33,PASS,PASS,PASS_STABLE,25360.900,6175.720,4.106550,4,-1,0,0
v1,c7552,c7552_trojan34,PASS,PASS,PASS_STABLE,30950.200,7795.770,3.970127,4,-1,0,0
v1,c7552,c7552_trojan35,PASS,PASS,PASS_STABLE,68196.900,9034.790,7.548255,2,-1,0,0
v1,c7552,c7552_trojan36,PASS,PASS,PASS_STABLE,3480.020,728.937,4.774103,-1,-1,0,0
v1,c7552,c7552_trojan37,PASS,PASS,PASS_STABLE,30748.400,7857.190,3.913409,5,-1,0,0
v1,c7552,c7552_trojan38,PASS,PASS,PASS_STABLE,24901.000,5728.130,4.347143,6,-1,0,0
v1,c7552,c7552_trojan39,PASS,PASS,PASS_STABLE,3314.280,644.242,5.144464,2,-1,0,0
v1,c7552,c7552_trojan4,PASS,PASS,PASS_STABLE,32507.700,9329.000,3.484586,4,-1,0,0
v1,c7552,c7552_trojan40,PASS,PASS,PASS_STABLE,37682.400,9924.100,3.797060,6,-1,0,0
v1,c7552,c7552_trojan41,PASS,PASS,PASS_STABLE,26592.200,7019.140,3.788527,4,-1,0,0
v1,c7552,c7552_trojan42,PASS,PASS,PASS_STABLE,3610.720,1148.230,3.144596,1,-1,0,0
v1,c7552,c7552_trojan43,PASS,PASS,PASS_STABLE,37865.900,10344.000,3.660663,4,-1,0,0
v1,c7552,c7552_trojan45,PASS,PASS,PASS_STABLE,27317.000,6126.180,4.459059,7,-1,0,0
v1,c7552,c7552_trojan46,PASS,PASS,PASS_STABLE,33032.300,8898.610,3.712074,4,-1,0,0
v1,c7552,c7552_trojan49,PASS,PASS,PASS_STABLE,2306.460,1121.890,2.055870,-1,-1,0,0
v1,c7552,c7552_trojan50,PASS,PASS,PASS_STABLE,21501.800,5086.450,4.227270,4,-1,0,0
v1,c7552,c7552_trojan51,PASS,PASS,PASS_STABLE,14018.600,3967.800,3.533091,2,-1,1,-2
v1,c7552,c7552_trojan52,PASS,PASS,PASS_STABLE,23391.800,6894.480,3.392830,6,-1,1,-1
v1,c7552,c7552_trojan53,TIMEOUT,PASS,GAIN,,1286.140,,2,-1,0,0
v1,c7552,c7552_trojan54,PASS,PASS,PASS_STABLE,31946.500,8831.290,3.617422,2,-1,0,0
v1,c7552,c7552_trojan57,PASS,PASS,PASS_STABLE,33461.600,3741.340,8.943747,2,-1,0,0
v1,c7552,c7552_trojan58,PASS,PASS,PASS_STABLE,18809.800,4626.080,4.066034,4,-1,2,0
v1,c7552,c7552_trojan59,PASS,PASS,PASS_STABLE,18848.100,4725.120,3.988915,2,-1,0,0
v1,c7552,c7552_trojan6,CEC_FAIL,PASS,GAIN,1756.160,852.784,,-1,-1,0,0
v1,c7552,c7552_trojan61,PASS,PASS,PASS_STABLE,4995.880,1550.880,3.221320,2,-1,6,0
v1,c7552,c7552_trojan62,PASS,PASS,PASS_STABLE,30175.000,8133.480,3.709974,2,-1,1,-11
v1,c7552,c7552_trojan63,PASS,PASS,PASS_STABLE,8744.360,1007.370,8.680386,3,-1,0,0
v1,c7552,c7552_trojan65,PASS,PASS,PASS_STABLE,903.829,607.290,1.488299,-1,-1,0,0
v1,c7552,c7552_trojan66,PASS,PASS,PASS_STABLE,4047.270,1490.330,2.715687,4,-1,0,0
v1,c7552,c7552_trojan67,PASS,PASS,PASS_STABLE,17886.200,1617.520,11.057792,2,-1,1,0
v1,c7552,c7552_trojan68,PASS,PASS,PASS_STABLE,3529.770,1354.010,2.606901,1,-1,0,0
v1,c7552,c7552_trojan69,PASS,PASS,PASS_STABLE,26408.100,9117.300,2.896483,2,-1,0,0
v1,c7552,c7552_trojan7,PASS,PASS,PASS_STABLE,20741.700,5093.930,4.071846,2,-1,0,0
v1,c7552,c7552_trojan70,CEC_FAIL,CEC_FAIL,FAIL_STABLE,5566.040,1995.190,,2,1,0,0
v1,c7552,c7552_trojan71,PASS,PASS,PASS_STABLE,25944.800,7373.520,3.518645,4,-1,0,0
v1,c7552,c7552_trojan72,PASS,PASS,PASS_STABLE,7832.260,2069.510,3.784596,3,-1,0,-2
v1,c7552,c7552_trojan73,CEC_FAIL,CEC_FAIL,FAIL_STABLE,36812.000,27428.400,,2,5,0,0
v1,c7552,c7552_trojan75,PASS,PASS,PASS_STABLE,44968.300,3645.020,12.336914,2,-1,1,0
v1,c7552,c7552_trojan76,PASS,PASS,PASS_STABLE,24553.600,7260.380,3.381862,4,-1,0,0
v1,c7552,c7552_trojan77,PASS,PASS,PASS_STABLE,1446.310,901.051,1.605137,-1,-1,0,0
v1,c7552,c7552_trojan78,PASS,PASS,PASS_STABLE,10527.400,2651.120,3.970925,3,-1,0,0
v1,c7552,c7552_trojan79,PASS,PASS,PASS_STABLE,21063.100,5645.090,3.731225,2,-1,0,0
v1,c7552,c7552_trojan8,PASS,PASS,PASS_STABLE,22298.700,7611.660,2.929545,2,-1,0,0
v1,c7552,c7552_trojan80,PASS,PASS,PASS_STABLE,18061.000,4818.310,3.748410,4,-1,0,0
v1,c7552,c7552_trojan81,PASS,PASS,PASS_STABLE,7210.970,1962.120,3.675091,4,-1,0,0
v1,c7552,c7552_trojan82,CEC_FAIL,PASS,GAIN,9119.190,1198.380,,3,-1,0,0
v1,c7552,c7552_trojan83,PASS,PASS,PASS_STABLE,39467.000,4754.800,8.300454,2,-1,0,0
v1,c7552,c7552_trojan84,PASS,PASS,PASS_STABLE,23643.800,7280.630,3.247494,2,-1,0,0
v1,c7552,c7552_trojan85,PASS,PASS,PASS_STABLE,29224.400,8410.810,3.474624,2,-1,0,0
v1,c7552,c7552_trojan86,PASS,PASS,PASS_STABLE,2118.120,721.050,2.937549,3,-1,0,0
v1,c7552,c7552_trojan87,PASS,PASS,PASS_STABLE,23927.500,6577.280,3.637902,4,-1,0,0
v1,c7552,c7552_trojan88,PASS,PASS,PASS_STABLE,16599.400,4034.120,4.114751,4,-1,0,0
v1,c7552,c7552_trojan89,PASS,PASS,PASS_STABLE,3565.920,1095.940,3.253755,2,-1,0,0
v1,c7552,c7552_trojan9,PASS,PASS,PASS_STABLE,26250.800,6699.380,3.918392,4,-1,0,0
v1,c7552,c7552_trojan90,PASS,PASS,PASS_STABLE,31999.600,8660.050,3.695083,3,-1,0,0
v1,c7552,c7552_trojan91,PASS,PASS,PASS_STABLE,20061.200,5540.380,3.620907,2,-1,0,0
v1,c7552,c7552_trojan92,PASS,PASS,PASS_STABLE,955.420,707.009,1.351355,-1,-1,0,0
v1,c7552,c7552_trojan93,PASS,PASS,PASS_STABLE,28698.800,7871.460,3.645931,2,-1,0,0
v1,c7552,c7552_trojan95,PASS,PASS,PASS_STABLE,16901.000,4222.570,4.002539,3,-1,0,0
v1,c7552,c7552_trojan96,PASS,PASS,PASS_STABLE,28755.000,8435.240,3.408913,2,-1,0,-1
v1,c880,c880_trojan0,PASS,PASS,PASS_STABLE,3324.200,1050.750,3.163645,8,-1,6,0
v1,c880,c880_trojan1,PASS,PASS,PASS_STABLE,9510.050,2841.740,3.346559,9,-1,1,0
v1,c880,c880_trojan10,PASS,PASS,PASS_STABLE,3604.590,917.244,3.929805,9,-1,1,0
v1,c880,c880_trojan11,PASS,PASS,PASS_STABLE,4294.610,999.437,4.297029,7,-1,2,-1
v1,c880,c880_trojan12,PASS,PASS,PASS_STABLE,4033.540,1079.400,3.736835,9,-1,1,0
v1,c880,c880_trojan13,PASS,PASS,PASS_STABLE,2192.780,562.428,3.898775,5,-1,3,0
v1,c880,c880_trojan14,PASS,PASS,PASS_STABLE,2803.100,763.340,3.672151,9,-1,1,0
v1,c880,c880_trojan15,PASS,PASS,PASS_STABLE,1197.020,449.185,2.664871,4,-1,1,0
v1,c880,c880_trojan16,PASS,PASS,PASS_STABLE,5072.370,1393.090,3.641093,10,-1,3,0
v1,c880,c880_trojan18,PASS,PASS,PASS_STABLE,658.512,355.495,1.852380,-1,-1,0,0
v1,c880,c880_trojan19,PASS,PASS,PASS_STABLE,3581.590,641.485,5.583279,7,-1,7,-1
v1,c880,c880_trojan2,PASS,PASS,PASS_STABLE,30128.700,2189.630,13.759722,4,-1,1,0
v1,c880,c880_trojan20,PASS,PASS,PASS_STABLE,3048.790,507.323,6.009564,8,-1,1,0
v1,c880,c880_trojan21,PASS,PASS,PASS_STABLE,6223.750,2027.010,3.070409,9,-1,1,0
v1,c880,c880_trojan22,PASS,PASS,PASS_STABLE,3361.370,879.826,3.820494,9,-1,2,0
v1,c880,c880_trojan23,PASS,PASS,PASS_STABLE,4156.440,1280.140,3.246864,9,-1,1,0
v1,c880,c880_trojan24,PASS,PASS,PASS_STABLE,7176.980,850.505,8.438492,4,-1,1,0
v1,c880,c880_trojan25,PASS,PASS,PASS_STABLE,5166.250,1431.630,3.608649,9,-1,1,-1
v1,c880,c880_trojan26,CEC_FAIL,PASS,GAIN,2225.070,783.814,,5,-1,13,0
v1,c880,c880_trojan28,PASS,PASS,PASS_STABLE,2109.730,356.521,5.917548,7,-1,0,0
v1,c880,c880_trojan29,PASS,PASS,PASS_STABLE,1305.950,339.039,3.851917,3,-1,1,0
v1,c880,c880_trojan3,CEC_FAIL,PASS,GAIN,3693.340,852.906,,9,-1,5,0
v1,c880,c880_trojan30,PASS,PASS,PASS_STABLE,732.548,311.038,2.355172,-1,-1,0,0
v1,c880,c880_trojan31,PASS,PASS,PASS_STABLE,7409.280,907.935,8.160584,4,-1,0,0
v1,c880,c880_trojan32,PASS,PASS,PASS_STABLE,3357.490,968.994,3.464923,8,-1,3,0
v1,c880,c880_trojan33,PASS,PASS,PASS_STABLE,5010.100,791.240,6.331960,8,-1,4,0
v1,c880,c880_trojan34,PASS,PASS,PASS_STABLE,5649.410,1397.850,4.041499,9,-1,1,0
v1,c880,c880_trojan35,PASS,PASS,PASS_STABLE,5843.260,1660.660,3.518637,9,-1,1,0
v1,c880,c880_trojan36,PASS,PASS,PASS_STABLE,1848.420,635.534,2.908452,3,-1,1,0
v1,c880,c880_trojan37,PASS,PASS,PASS_STABLE,4161.730,1142.500,3.642652,10,-1,3,0
v1,c880,c880_trojan38,PASS,PASS,PASS_STABLE,831.711,349.264,2.381325,13,-1,4,0
v1,c880,c880_trojan39,PASS,PASS,PASS_STABLE,7760.730,694.729,11.170874,7,-1,7,0
v1,c880,c880_trojan4,PASS,PASS,PASS_STABLE,9122.260,1355.040,6.732096,9,-1,1,0
v1,c880,c880_trojan40,PASS,PASS,PASS_STABLE,9276.500,1234.570,7.513952,8,-1,4,0
v1,c880,c880_trojan41,PASS,PASS,PASS_STABLE,1054.060,295.336,3.569020,-1,-1,-1,-1
v1,c880,c880_trojan42,PASS,PASS,PASS_STABLE,5689.720,991.881,5.736293,8,-1,5,0
v1,c880,c880_trojan43,PASS,PASS,PASS_STABLE,2148.220,852.242,2.520669,5,-1,5,0
v1,c880,c880_trojan44,PASS,PASS,PASS_STABLE,1399.500,342.361,4.087790,5,-1,4,0
v1,c880,c880_trojan45,PASS,PASS,PASS_STABLE,3542.900,1092.770,3.242128,6,-1,1,0
v1,c880,c880_trojan46,PASS,PASS,PASS_STABLE,2294.990,484.239,4.739375,5,-1,6,0
v1,c880,c880_trojan47,PASS,PASS,PASS_STABLE,1598.850,589.823,2.710728,8,-1,2,0
v1,c880,c880_trojan48,PASS,PASS,PASS_STABLE,515.937,274.026,1.882803,-1,-1,0,0
v1,c880,c880_trojan49,PASS,PASS,PASS_STABLE,1715.970,639.479,2.683388,5,-1,4,0
v1,c880,c880_trojan5,PASS,PASS,PASS_STABLE,681.282,377.048,1.806884,-1,-1,0,0
v1,c880,c880_trojan50,PASS,PASS,PASS_STABLE,9046.210,1605.290,5.635250,4,-1,4,0
v1,c880,c880_trojan51,PASS,PASS,PASS_STABLE,21752.200,3810.490,5.708505,7,-1,7,0
v1,c880,c880_trojan52,PASS,PASS,PASS_STABLE,12695.500,2226.330,5.702434,6,-1,6,0
v1,c880,c880_trojan53,PASS,PASS,PASS_STABLE,3901.550,1216.100,3.208248,4,-1,3,0
v1,c880,c880_trojan54,PASS,PASS,PASS_STABLE,7885.320,3168.430,2.488715,7,-1,7,0
v1,c880,c880_trojan55,PASS,PASS,PASS_STABLE,407.814,337.532,1.208223,-1,-1,0,0
v1,c880,c880_trojan56,PASS,PASS,PASS_STABLE,6183.460,2077.990,2.975693,6,-1,1,0
v1,c880,c880_trojan57,PASS,PASS,PASS_STABLE,4621.460,1626.020,2.842191,5,-1,1,0
v1,c880,c880_trojan58,CEC_FAIL,PASS,GAIN,9068.520,499.827,,15,-1,4,0
v1,c880,c880_trojan59,PASS,PASS,PASS_STABLE,8222.400,2631.440,3.124677,6,-1,3,0
v1,c880,c880_trojan6,PASS,PASS,PASS_STABLE,3528.020,1059.890,3.328666,8,-1,1,0
v1,c880,c880_trojan60,PASS,PASS,PASS_STABLE,8577.980,1359.850,6.308034,5,-1,4,0
v1,c880,c880_trojan61,PASS,PASS,PASS_STABLE,1411.200,330.087,4.275237,3,-1,0,0
v1,c880,c880_trojan62,PASS,PASS,PASS_STABLE,5876.240,1671.470,3.515612,7,-1,3,0
v1,c880,c880_trojan63,PASS,PASS,PASS_STABLE,2531.010,660.778,3.830348,4,-1,2,0
v1,c880,c880_trojan64,CEC_FAIL,PASS,GAIN,2955.420,367.337,,7,-1,0,0
v1,c880,c880_trojan65,PASS,PASS,PASS_STABLE,560.279,349.720,1.602079,-1,-1,0,0
v1,c880,c880_trojan66,PASS,PASS,PASS_STABLE,4204.160,1308.970,3.211808,5,-1,2,0
v1,c880,c880_trojan68,PASS,PASS,PASS_STABLE,814.590,372.025,2.189611,-1,-1,0,0
v1,c880,c880_trojan69,PASS,PASS,PASS_STABLE,6807.710,1235.180,5.511512,6,-1,6,0
v1,c880,c880_trojan7,CEC_FAIL,PASS,GAIN,1897.050,414.384,,4,-1,1,-1
v1,c880,c880_trojan70,PASS,PASS,PASS_STABLE,3816.830,1255.960,3.038974,5,-1,7,0
v1,c880,c880_trojan71,PASS,PASS,PASS_STABLE,7406.800,2280.760,3.247514,7,-1,3,0
v1,c880,c880_trojan72,PASS,PASS,PASS_STABLE,3729.760,1215.110,3.069483,4,-1,1,0
v1,c880,c880_trojan73,PASS,PASS,PASS_STABLE,5020.540,1658.770,3.026664,4,-1,1,0
v1,c880,c880_trojan74,PASS,PASS,PASS_STABLE,6735.900,1133.500,5.942567,6,-1,5,0
v1,c880,c880_trojan75,PASS,PASS,PASS_STABLE,4926.640,1681.890,2.929228,7,-1,7,0
v1,c880,c880_trojan76,PASS,PASS,PASS_STABLE,1251.360,459.807,2.721490,2,-1,1,0
v1,c880,c880_trojan78,PASS,PASS,PASS_STABLE,5332.520,902.256,5.910207,3,-1,1,0
v1,c880,c880_trojan79,PASS,PASS,PASS_STABLE,3989.740,734.071,5.435087,4,-1,4,0
v1,c880,c880_trojan8,CEC_FAIL,PASS,GAIN,13521.000,773.198,,15,-1,4,0
v1,c880,c880_trojan80,PASS,PASS,PASS_STABLE,2174.480,359.169,6.054197,-1,-1,0,0
v1,c880,c880_trojan81,PASS,PASS,PASS_STABLE,5251.310,824.146,6.371820,2,-1,0,0
v1,c880,c880_trojan82,PASS,PASS,PASS_STABLE,4372.250,1270.800,3.440549,5,-1,3,0
v1,c880,c880_trojan83,PASS,PASS,PASS_STABLE,4280.800,1383.350,3.094517,7,-1,7,0
v1,c880,c880_trojan84,CEC_FAIL,PASS,GAIN,2024.330,320.370,,3,-1,0,0
v1,c880,c880_trojan85,PASS,PASS,PASS_STABLE,11310.300,2012.160,5.620974,5,-1,8,0
v1,c880,c880_trojan86,PASS,PASS,PASS_STABLE,6265.010,2010.330,3.116409,7,-1,4,0
v1,c880,c880_trojan87,PASS,PASS,PASS_STABLE,3982.070,1570.990,2.534752,2,-1,1,0
v1,c880,c880_trojan88,CEC_FAIL,PASS,GAIN,3384.270,368.422,,5,-1,1,0
v1,c880,c880_trojan89,PASS,PASS,PASS_STABLE,4076.140,846.292,4.816470,4,-1,12,0
v1,c880,c880_trojan9,PASS,PASS,PASS_STABLE,5329.390,1430.470,3.725622,8,-1,1,0
v1,c880,c880_trojan90,PASS,PASS,PASS_STABLE,8513.730,1431.870,5.945882,3,-1,11,0
v1,c880,c880_trojan91,PASS,PASS,PASS_STABLE,1301.210,460.686,2.824505,4,-1,0,0
v1,c880,c880_trojan92,PASS,PASS,PASS_STABLE,3252.020,1125.200,2.890171,3,-1,9,0
v1,c880,c880_trojan93,PASS,PASS,PASS_STABLE,3308.260,1199.010,2.759160,3,-1,1,0
v1,c880,c880_trojan94,PASS,PASS,PASS_STABLE,2019.300,529.793,3.811489,4,-1,5,0
v1,c880,c880_trojan95,PASS,PASS,PASS_STABLE,7279.220,2459.940,2.959105,7,-1,4,0
v1,c880,c880_trojan96,PASS,PASS,PASS_STABLE,4606.320,780.259,5.903578,5,-1,0,0
v1,c880,c880_trojan97,PASS,PASS,PASS_STABLE,3223.420,1099.070,2.932861,4,-1,8,0
v1,c880,c880_trojan98,CEC_FAIL,PASS,GAIN,1487.790,332.721,,7,-1,3,0
v1,c880,c880_trojan99,PASS,PASS,PASS_STABLE,6196.940,583.908,10.612871,9,-1,5,0
v2,aes,aes_trojan1,PASS,PASS,PASS_STABLE,62864.300,89088.400,0.705640,-1,-1,-8,-8
v2,c2670,c2670_trojan0,PASS,PASS,PASS_STABLE,512.172,599.998,0.853623,-1,-1,0,0
v2,c2670,c2670_trojan1,PASS,PASS,PASS_STABLE,583.602,439.352,1.328324,-1,-1,0,0
v2,c2670,c2670_trojan10,PASS,PASS,PASS_STABLE,1322.450,1189.020,1.112218,-1,-1,0,0
v2,c2670,c2670_trojan11,PASS,PASS,PASS_STABLE,578.553,594.275,0.973544,-1,-1,-14,-14
v2,c2670,c2670_trojan12,PASS,PASS,PASS_STABLE,947.776,638.083,1.485349,-1,-1,0,0
v2,c2670,c2670_trojan13,PASS,PASS,PASS_STABLE,496.571,380.757,1.304168,-1,-1,0,0
v2,c2670,c2670_trojan14,PASS,PASS,PASS_STABLE,680.510,481.736,1.412620,-1,-1,0,0
v2,c2670,c2670_trojan15,PASS,PASS,PASS_STABLE,971.948,827.012,1.175253,-1,-1,0,0
v2,c2670,c2670_trojan16,PASS,PASS,PASS_STABLE,922.198,843.667,1.093083,-1,-1,0,0
v2,c2670,c2670_trojan17,PASS,PASS,PASS_STABLE,835.138,515.891,1.618826,-1,-1,0,0
v2,c2670,c2670_trojan18,PASS,PASS,PASS_STABLE,854.578,566.610,1.508230,-1,-1,0,0
v2,c2670,c2670_trojan19,PASS,PASS,PASS_STABLE,713.265,510.685,1.396683,-1,-1,-8,-8
v2,c2670,c2670_trojan2,PASS,PASS,PASS_STABLE,617.957,546.525,1.130702,-1,-1,0,0
v2,c2670,c2670_trojan20,PASS,PASS,PASS_STABLE,521.756,365.975,1.425660,-1,-1,-13,-13
v2,c2670,c2670_trojan21,PASS,PASS,PASS_STABLE,536.754,423.802,1.266521,-1,-1,-13,-13
v2,c2670,c2670_trojan22,PASS,PASS,PASS_STABLE,541.538,433.748,1.248508,-1,-1,0,0
v2,c2670,c2670_trojan23,PASS,PASS,PASS_STABLE,739.646,617.001,1.198776,-1,-1,-12,-12
v2,c2670,c2670_trojan24,PASS,PASS,PASS_STABLE,1399.990,949.350,1.474683,-1,-1,0,0
v2,c2670,c2670_trojan25,PASS,PASS,PASS_STABLE,1158.690,748.691,1.547621,-1,-1,-12,-12
v2,c2670,c2670_trojan26,PASS,PASS,PASS_STABLE,537.533,422.941,1.270941,-1,-1,-11,-11
v2,c2670,c2670_trojan27,PASS,PASS,PASS_STABLE,556.922,485.670,1.146709,-1,-1,0,0
v2,c2670,c2670_trojan28,PASS,PASS,PASS_STABLE,1805.540,1027.020,1.758038,-1,-1,0,0
v2,c2670,c2670_trojan29,PASS,PASS,PASS_STABLE,542.684,451.136,1.202928,-1,-1,0,0
v2,c2670,c2670_trojan3,PASS,PASS,PASS_STABLE,1797.950,980.530,1.833651,-1,-1,0,0
v2,c2670,c2670_trojan30,PASS,PASS,PASS_STABLE,605.117,461.031,1.312530,-1,-1,0,0
v2,c2670,c2670_trojan31,PASS,PASS,PASS_STABLE,779.817,540.226,1.443501,-1,-1,-11,-11
v2,c2670,c2670_trojan32,PASS,PASS,PASS_STABLE,578.318,417.882,1.383927,-1,-1,0,0
v2,c2670,c2670_trojan33,PASS,PASS,PASS_STABLE,472.457,371.132,1.273016,-1,-1,0,0
v2,c2670,c2670_trojan34,PASS,PASS,PASS_STABLE,525.870,527.068,0.997727,-1,-1,0,0
v2,c2670,c2670_trojan35,PASS,PASS,PASS_STABLE,536.700,454.699,1.180341,-1,-1,0,0
v2,c2670,c2670_trojan36,PASS,PASS,PASS_STABLE,699.082,440.980,1.585292,-1,-1,-12,-12
v2,c2670,c2670_trojan37,PASS,PASS,PASS_STABLE,546.313,424.623,1.286584,-1,-1,-14,-14
v2,c2670,c2670_trojan38,PASS,PASS,PASS_STABLE,509.228,438.936,1.160142,-1,-1,0,0
v2,c2670,c2670_trojan39,PASS,PASS,PASS_STABLE,507.209,383.802,1.321538,-1,-1,-11,-11
v2,c2670,c2670_trojan4,PASS,PASS,PASS_STABLE,528.132,401.985,1.313810,-1,-1,0,0
v2,c2670,c2670_trojan40,PASS,PASS,PASS_STABLE,799.450,586.519,1.363042,-1,-1,-13,-13
v2,c2670,c2670_trojan41,PASS,PASS,PASS_STABLE,1003.140,926.175,1.083100,-1,-1,-13,-13
v2,c2670,c2670_trojan42,PASS,PASS,PASS_STABLE,754.722,574.864,1.312871,-1,-1,-9,-9
v2,c2670,c2670_trojan43,PASS,PASS,PASS_STABLE,2261.110,1879.610,1.202968,-1,-1,-9,-9
v2,c2670,c2670_trojan44,PASS,PASS,PASS_STABLE,522.982,414.119,1.262879,-1,-1,0,0
v2,c2670,c2670_trojan45,PASS,PASS,PASS_STABLE,500.662,466.507,1.073214,-1,-1,0,0
v2,c2670,c2670_trojan46,PASS,PASS,PASS_STABLE,1750.000,1033.090,1.693947,-1,-1,-11,-11
v2,c2670,c2670_trojan47,PASS,PASS,PASS_STABLE,749.966,614.101,1.221242,-1,-1,0,0
v2,c2670,c2670_trojan48,PASS,PASS,PASS_STABLE,1651.790,991.991,1.665126,-1,-1,-12,-12
v2,c2670,c2670_trojan49,PASS,PASS,PASS_STABLE,664.742,468.107,1.420064,-1,-1,-13,-13
v2,c2670,c2670_trojan5,PASS,PASS,PASS_STABLE,613.779,445.251,1.378501,-1,-1,0,0
v2,c2670,c2670_trojan50,PASS,PASS,PASS_STABLE,500.195,376.374,1.328984,-1,-1,-3,-3
v2,c2670,c2670_trojan51,PASS,PASS,PASS_STABLE,856.127,653.198,1.310670,-1,-1,-3,-3
v2,c2670,c2670_trojan52,PASS,PASS,PASS_STABLE,799.363,581.914,1.373679,-1,-1,0,0
v2,c2670,c2670_trojan53,PASS,PASS,PASS_STABLE,2553.190,1592.000,1.603763,-1,-1,-5,-5
v2,c2670,c2670_trojan54,PASS,PASS,PASS_STABLE,569.830,504.983,1.128414,-1,-1,0,0
v2,c2670,c2670_trojan55,PASS,PASS,PASS_STABLE,549.117,448.131,1.225349,-1,-1,0,0
v2,c2670,c2670_trojan56,PASS,PASS,PASS_STABLE,717.327,501.562,1.430186,-1,-1,-5,-5
v2,c2670,c2670_trojan57,PASS,PASS,PASS_STABLE,1035.340,569.241,1.818808,-1,-1,-2,-2
v2,c2670,c2670_trojan58,PASS,PASS,PASS_STABLE,953.415,608.125,1.567794,-1,-1,0,0
v2,c2670,c2670_trojan59,PASS,PASS,PASS_STABLE,453.281,389.082,1.165001,-1,-1,-6,-6
v2,c2670,c2670_trojan6,PASS,PASS,PASS_STABLE,564.883,536.196,1.053501,-1,-1,0,0
v2,c2670,c2670_trojan60,PASS,PASS,PASS_STABLE,1304.030,941.192,1.385509,-1,-1,0,0
v2,c2670,c2670_trojan61,PASS,PASS,PASS_STABLE,605.152,499.262,1.212093,-1,-1,-2,-2
v2,c2670,c2670_trojan62,PASS,PASS,PASS_STABLE,830.424,704.751,1.178323,-1,-1,-3,-3
v2,c2670,c2670_trojan63,PASS,PASS,PASS_STABLE,503.057,384.395,1.308698,-1,-1,-5,-5
v2,c2670,c2670_trojan64,PASS,PASS,PASS_STABLE,1004.270,780.080,1.287394,-1,-1,-7,-7
v2,c2670,c2670_trojan65,PASS,PASS,PASS_STABLE,982.850,798.433,1.230974,-1,-1,-2,-2
v2,c2670,c2670_trojan66,PASS,PASS,PASS_STABLE,839.629,655.810,1.280293,-1,-1,-3,-3
v2,c2670,c2670_trojan67,PASS,PASS,PASS_STABLE,697.610,558.537,1.248995,-1,-1,0,0
v2,c2670,c2670_trojan68,PASS,PASS,PASS_STABLE,573.330,405.600,1.413536,-1,-1,-3,-3
v2,c2670,c2670_trojan69,PASS,PASS,PASS_STABLE,603.622,523.713,1.152582,-1,-1,0,0
v2,c2670,c2670_trojan7,PASS,PASS,PASS_STABLE,714.863,530.244,1.348177,-1,-1,-12,-12
v2,c2670,c2670_trojan70,PASS,PASS,PASS_STABLE,455.355,380.596,1.196426,-1,-1,-2,-2
v2,c2670,c2670_trojan71,PASS,PASS,PASS_STABLE,1131.470,895.187,1.263948,-1,-1,-2,-2
v2,c2670,c2670_trojan72,PASS,PASS,PASS_STABLE,516.454,383.598,1.346342,-1,-1,-3,-3
v2,c2670,c2670_trojan73,PASS,PASS,PASS_STABLE,667.269,569.923,1.170806,-1,-1,-2,-2
v2,c2670,c2670_trojan74,PASS,PASS,PASS_STABLE,859.259,654.132,1.313587,-1,-1,0,0
v2,c2670,c2670_trojan75,PASS,PASS,PASS_STABLE,3435.640,2646.350,1.298256,-1,-1,-5,-5
v2,c2670,c2670_trojan76,PASS,PASS,PASS_STABLE,565.009,413.319,1.367005,-1,-1,-2,-2
v2,c2670,c2670_trojan77,PASS,PASS,PASS_STABLE,529.058,451.455,1.171895,-1,-1,0,0
v2,c2670,c2670_trojan78,PASS,PASS,PASS_STABLE,2515.630,1553.950,1.618862,-1,-1,-5,-5
v2,c2670,c2670_trojan79,PASS,PASS,PASS_STABLE,1175.840,925.730,1.270176,-1,-1,0,0
v2,c2670,c2670_trojan8,PASS,PASS,PASS_STABLE,773.339,558.679,1.384228,-1,-1,-13,-13
v2,c2670,c2670_trojan80,PASS,PASS,PASS_STABLE,1368.350,909.300,1.504839,-1,-1,-3,-3
v2,c2670,c2670_trojan81,PASS,PASS,PASS_STABLE,2636.270,1662.270,1.585946,-1,-1,-2,-2
v2,c2670,c2670_trojan82,PASS,PASS,PASS_STABLE,652.122,407.472,1.600409,-1,-1,0,0
v2,c2670,c2670_trojan83,PASS,PASS,PASS_STABLE,1204.660,864.160,1.394024,-1,-1,0,0
v2,c2670,c2670_trojan84,PASS,PASS,PASS_STABLE,792.703,526.760,1.504866,-1,-1,0,0
v2,c2670,c2670_trojan85,PASS,PASS,PASS_STABLE,565.338,504.303,1.121028,-1,-1,0,0
v2,c2670,c2670_trojan86,PASS,PASS,PASS_STABLE,855.113,633.198,1.350467,-1,-1,0,0
v2,c2670,c2670_trojan87,PASS,PASS,PASS_STABLE,697.344,500.971,1.391985,-1,-1,-2,-2
v2,c2670,c2670_trojan88,PASS,PASS,PASS_STABLE,551.081,554.310,0.994175,-1,-1,0,0
v2,c2670,c2670_trojan89,PASS,PASS,PASS_STABLE,573.548,490.278,1.169842,-1,-1,-1,-1
v2,c2670,c2670_trojan9,PASS,PASS,PASS_STABLE,489.352,444.369,1.101229,-1,-1,-12,-12
v2,c2670,c2670_trojan90,PASS,PASS,PASS_STABLE,785.948,604.038,1.301157,-1,-1,0,0
v2,c2670,c2670_trojan91,PASS,PASS,PASS_STABLE,2012.150,1157.360,1.738569,-1,-1,-7,-7
v2,c2670,c2670_trojan92,PASS,PASS,PASS_STABLE,1868.190,756.135,2.470710,-1,-1,-7,-7
v2,c2670,c2670_trojan93,PASS,PASS,PASS_STABLE,669.968,520.263,1.287749,-1,-1,0,0
v2,c2670,c2670_trojan94,PASS,PASS,PASS_STABLE,723.510,616.392,1.173782,-1,-1,-4,-4
v2,c2670,c2670_trojan95,PASS,PASS,PASS_STABLE,574.742,466.327,1.232487,-1,-1,0,0
v2,c2670,c2670_trojan96,PASS,PASS,PASS_STABLE,1904.510,1167.360,1.631468,-1,-1,-7,-7
v2,c2670,c2670_trojan97,PASS,PASS,PASS_STABLE,759.946,589.055,1.290110,-1,-1,-7,-7
v2,c2670,c2670_trojan98,PASS,PASS,PASS_STABLE,1181.360,867.512,1.361779,-1,-1,0,0
v2,c2670,c2670_trojan99,PASS,PASS,PASS_STABLE,966.816,730.854,1.322858,-1,-1,-2,-2
v2,c3540,c3540_trojan0,PASS,PASS,PASS_STABLE,15134.000,5314.320,2.847777,2,-1,0,0
v2,c3540,c3540_trojan1,PASS,PASS,PASS_STABLE,3389.730,2670.300,1.269419,-1,-1,0,0
v2,c3540,c3540_trojan10,PASS,PASS,PASS_STABLE,10734.500,2906.690,3.693032,2,-1,1,0
v2,c3540,c3540_trojan11,PASS,PASS,PASS_STABLE,8181.070,5804.980,1.409319,-1,-1,0,0
v2,c3540,c3540_trojan12,PASS,PASS,PASS_STABLE,2746.010,1074.490,2.555640,2,-1,1,0
v2,c3540,c3540_trojan13,PASS,PASS,PASS_STABLE,2454.250,898.147,2.732571,2,-1,0,0
v2,c3540,c3540_trojan14,PASS,PASS,PASS_STABLE,4553.470,1910.110,2.383878,-1,-1,0,0
v2,c3540,c3540_trojan15,PASS,PASS,PASS_STABLE,3256.400,1844.200,1.765752,-1,-1,0,0
v2,c3540,c3540_trojan16,PASS,PASS,PASS_STABLE,2047.960,749.660,2.731852,2,-1,1,-6
v2,c3540,c3540_trojan17,PASS,PASS,PASS_STABLE,16659.200,4998.360,3.332933,2,-1,0,0
v2,c3540,c3540_trojan18,PASS,PASS,PASS_STABLE,6273.410,4147.700,1.512503,-1,-1,0,0
v2,c3540,c3540_trojan19,PASS,PASS,PASS_STABLE,654.261,710.950,0.920263,-1,-1,0,0
v2,c3540,c3540_trojan2,PASS,PASS,PASS_STABLE,7782.090,7618.000,1.021540,-1,-1,0,0
v2,c3540,c3540_trojan20,PASS,PASS,PASS_STABLE,3434.740,2218.840,1.547989,-1,-1,0,0
v2,c3540,c3540_trojan21,PASS,PASS,PASS_STABLE,4334.990,3590.380,1.207390,-1,-1,0,0
v2,c3540,c3540_trojan22,PASS,PASS,PASS_STABLE,3139.370,8435.320,0.372170,-1,-1,-4,-4
v2,c3540,c3540_trojan23,PASS,PASS,PASS_STABLE,3260.750,3537.440,0.921782,-1,-1,0,0
v2,c3540,c3540_trojan24,PASS,PASS,PASS_STABLE,4923.250,3575.600,1.376902,-1,-1,0,0
v2,c3540,c3540_trojan25,PASS,PASS,PASS_STABLE,492.785,505.760,0.974346,-1,-1,-4,-4
v2,c3540,c3540_trojan26,PASS,PASS,PASS_STABLE,2333.700,748.309,3.118631,-1,-1,0,0
v2,c3540,c3540_trojan27,PASS,PASS,PASS_STABLE,2296.520,1209.540,1.898672,-1,-1,0,0
v2,c3540,c3540_trojan28,PASS,PASS,PASS_STABLE,8076.940,2094.180,3.856851,2,-1,0,0
v2,c3540,c3540_trojan29,PASS,PASS,PASS_STABLE,1321.830,640.050,2.065198,-1,-1,0,0
v2,c3540,c3540_trojan3,PASS,PASS,PASS_STABLE,3085.740,2021.960,1.526113,-1,-1,-6,-6
v2,c3540,c3540_trojan30,PASS,PASS,PASS_STABLE,3005.300,1743.960,1.723262,-1,-1,0,0
v2,c3540,c3540_trojan31,PASS,PASS,PASS_STABLE,10331.600,2893.010,3.571229,2,-1,1,0
v2,c3540,c3540_trojan32,PASS,PASS,PASS_STABLE,2945.700,1813.490,1.624327,-1,-1,0,0
v2,c3540,c3540_trojan33,PASS,PASS,PASS_STABLE,2437.920,867.308,2.810905,2,-1,0,0
v2,c3540,c3540_trojan34,PASS,PASS,PASS_STABLE,623.485,571.236,1.091467,-1,-1,0,0
v2,c3540,c3540_trojan35,PASS,PASS,PASS_STABLE,14853.400,4708.760,3.154419,2,-1,0,0
v2,c3540,c3540_trojan36,PASS,PASS,PASS_STABLE,8521.840,6741.450,1.264096,-1,-1,0,0
v2,c3540,c3540_trojan37,PASS,PASS,PASS_STABLE,2112.530,1620.970,1.303251,-1,-1,0,0
v2,c3540,c3540_trojan38,PASS,PASS,PASS_STABLE,2040.240,669.197,3.048788,2,-1,0,0
v2,c3540,c3540_trojan39,PASS,PASS,PASS_STABLE,6407.410,1862.150,3.440867,2,-1,1,0
v2,c3540,c3540_trojan4,PASS,PASS,PASS_STABLE,3749.800,2793.260,1.342446,-1,-1,0,0
v2,c3540,c3540_trojan40,PASS,PASS,PASS_STABLE,9699.180,10860.000,0.893110,-1,-1,0,0
v2,c3540,c3540_trojan41,PASS,PASS,PASS_STABLE,1582.920,969.020,1.633527,3,3,1,1
v2,c3540,c3540_trojan42,PASS,PASS,PASS_STABLE,6168.400,5087.490,1.212464,2,2,1,1
v2,c3540,c3540_trojan43,PASS,PASS,PASS_STABLE,7374.040,2750.240,2.681235,2,-1,1,0
v2,c3540,c3540_trojan44,PASS,PASS,PASS_STABLE,1371.940,497.839,2.755791,2,-1,0,0
v2,c3540,c3540_trojan45,PASS,PASS,PASS_STABLE,10531.400,5068.870,2.077662,2,-1,1,0
v2,c3540,c3540_trojan46,PASS,PASS,PASS_STABLE,2523.720,1712.850,1.473404,2,2,0,0
v2,c3540,c3540_trojan47,PASS,PASS,PASS_STABLE,9508.010,3233.030,2.940898,2,-1,0,0
v2,c3540,c3540_trojan48,PASS,PASS,PASS_STABLE,2935.410,2814.300,1.043034,2,-1,1,0
v2,c3540,c3540_trojan49,PASS,PASS,PASS_STABLE,1404.630,997.199,1.408575,-1,-1,0,0
v2,c3540,c3540_trojan5,PASS,PASS,PASS_STABLE,7878.960,6102.170,1.291173,-1,-1,0,0
v2,c3540,c3540_trojan50,PASS,PASS,PASS_STABLE,11509.500,3703.280,3.107921,3,-1,0,0
v2,c3540,c3540_trojan51,PASS,PASS,PASS_STABLE,5208.750,3225.790,1.614721,-1,-1,0,0
v2,c3540,c3540_trojan52,PASS,PASS,PASS_STABLE,11505.300,12616.300,0.911939,-1,-1,0,0
v2,c3540,c3540_trojan53,PASS,PASS,PASS_STABLE,3804.550,2529.870,1.503852,-1,-1,0,0
v2,c3540,c3540_trojan54,PASS,PASS,PASS_STABLE,6526.420,4841.080,1.348133,-1,-1,0,0
v2,c3540,c3540_trojan55,PASS,PASS,PASS_STABLE,8353.680,7701.040,1.084747,-1,-1,0,0
v2,c3540,c3540_trojan56,PASS,PASS,PASS_STABLE,820.679,627.845,1.307136,-1,-1,0,0
v2,c3540,c3540_trojan57,PASS,PASS,PASS_STABLE,2191.200,1221.110,1.794433,-1,-1,0,0
v2,c3540,c3540_trojan58,PASS,PASS,PASS_STABLE,3804.520,1917.910,1.983680,-1,-1,0,0
v2,c3540,c3540_trojan59,PASS,PASS,PASS_STABLE,3380.560,2640.940,1.280059,-1,-1,0,0
v2,c3540,c3540_trojan6,PASS,PASS,PASS_STABLE,1554.920,542.608,2.865641,2,-1,1,0
v2,c3540,c3540_trojan60,PASS,PASS,PASS_STABLE,7779.270,3842.370,2.024602,-1,-1,0,0
v2,c3540,c3540_trojan61,PASS,PASS,PASS_STABLE,14059.500,12277.100,1.145181,-1,-1,0,0
v2,c3540,c3540_trojan62,PASS,PASS,PASS_STABLE,1124.130,938.161,1.198227,-1,-1,0,0
v2,c3540,c3540_trojan63,PASS,PASS,PASS_STABLE,2870.190,1756.070,1.634439,-1,-1,0,0
v2,c3540,c3540_trojan64,PASS,PASS,PASS_STABLE,3130.270,1901.650,1.646081,-1,-1,0,0
v2,c3540,c3540_trojan65,PASS,PASS,PASS_STABLE,8705.290,4377.600,1.988599,-1,-1,0,0
v2,c3540,c3540_trojan66,PASS,PASS,PASS_STABLE,22210.400,7136.170,3.112370,3,-1,0,0
v2,c3540,c3540_trojan67,PASS,PASS,PASS_STABLE,9461.980,6888.120,1.373667,-1,-1,0,0
v2,c3540,c3540_trojan68,PASS,PASS,PASS_STABLE,9892.590,6789.430,1.457058,-1,-1,0,0
v2,c3540,c3540_trojan69,PASS,PASS,PASS_STABLE,2194.680,1027.380,2.136191,-1,-1,0,0
v2,c3540,c3540_trojan7,PASS,PASS,PASS_STABLE,1939.250,1198.780,1.617686,-1,-1,0,0
v2,c3540,c3540_trojan70,PASS,PASS,PASS_STABLE,8783.600,2647.800,3.317320,2,-1,0,0
v2,c3540,c3540_trojan71,PASS,PASS,PASS_STABLE,3247.770,1647.280,1.971596,-1,-1,0,0
v2,c3540,c3540_trojan72,PASS,PASS,PASS_STABLE,3633.400,2028.440,1.791229,-1,-1,0,0
v2,c3540,c3540_trojan73,PASS,PASS,PASS_STABLE,4260.780,2152.180,1.979751,-1,-1,0,0
v2,c3540,c3540_trojan74,PASS,PASS,PASS_STABLE,5571.620,3448.640,1.615599,-1,-1,0,0
v2,c3540,c3540_trojan75,PASS,PASS,PASS_STABLE,583.567,507.749,1.149322,-1,-1,0,0
v2,c3540,c3540_trojan76,PASS,PASS,PASS_STABLE,1372.000,848.272,1.617406,-1,-1,0,0
v2,c3540,c3540_trojan77,PASS,PASS,PASS_STABLE,2363.110,1369.900,1.725024,-1,-1,0,0
v2,c3540,c3540_trojan78,PASS,PASS,PASS_STABLE,1724.640,741.692,2.325278,3,-1,0,0
v2,c3540,c3540_trojan79,PASS,PASS,PASS_STABLE,2652.420,1697.360,1.562674,-1,-1,0,0
v2,c3540,c3540_trojan8,PASS,PASS,PASS_STABLE,2843.570,1689.680,1.682904,-1,-1,0,0
v2,c3540,c3540_trojan80,PASS,PASS,PASS_STABLE,3175.090,1990.030,1.595499,-1,-1,0,0
v2,c3540,c3540_trojan81,PASS,PASS,PASS_STABLE,21696.200,7666.080,2.830156,3,-1,0,0
v2,c3540,c3540_trojan82,PASS,PASS,PASS_STABLE,3451.120,2401.280,1.437200,-1,-1,0,0
v2,c3540,c3540_trojan83,PASS,PASS,PASS_STABLE,2483.070,974.777,2.547321,3,-1,0,0
v2,c3540,c3540_trojan84,PASS,PASS,PASS_STABLE,6878.670,3256.390,2.112361,2,-1,0,0
v2,c3540,c3540_trojan85,PASS,PASS,PASS_STABLE,1209.230,559.889,2.159767,3,-1,0,0
v2,c3540,c3540_trojan86,PASS,PASS,PASS_STABLE,13862.700,10820.200,1.281187,-1,-1,0,0
v2,c3540,c3540_trojan87,PASS,PASS,PASS_STABLE,576.778,509.601,1.131823,-1,-1,0,0
v2,c3540,c3540_trojan88,PASS,PASS,PASS_STABLE,4988.460,1802.330,2.767784,3,-1,0,0
v2,c3540,c3540_trojan89,PASS,PASS,PASS_STABLE,3602.000,2092.090,1.721723,-1,-1,0,0
v2,c3540,c3540_trojan9,PASS,PASS,PASS_STABLE,3158.130,1964.330,1.607739,-1,-1,0,0
v2,c3540,c3540_trojan90,PASS,PASS,PASS_STABLE,16253.600,12768.000,1.272995,-1,-1,0,0
v2,c3540,c3540_trojan91,PASS,PASS,PASS_STABLE,1412.910,777.486,1.817280,-1,-1,0,0
v2,c3540,c3540_trojan92,PASS,PASS,PASS_STABLE,5742.960,4473.900,1.283659,1,1,0,0
v2,c3540,c3540_trojan93,PASS,PASS,PASS_STABLE,3472.580,2391.710,1.451924,-1,-1,0,0
v2,c3540,c3540_trojan94,PASS,PASS,PASS_STABLE,975.011,917.288,1.062928,-1,-1,0,0
v2,c3540,c3540_trojan95,PASS,PASS,PASS_STABLE,5788.140,4077.630,1.419486,-1,-1,0,0
v2,c3540,c3540_trojan96,PASS,PASS,PASS_STABLE,1745.290,1223.040,1.427010,1,1,0,0
v2,c3540,c3540_trojan97,PASS,PASS,PASS_STABLE,12133.800,4817.370,2.518760,3,-1,0,0
v2,c3540,c3540_trojan98,PASS,PASS,PASS_STABLE,2400.510,1556.950,1.541803,-1,-1,0,0
v2,c3540,c3540_trojan99,PASS,PASS,PASS_STABLE,2915.380,1927.320,1.512660,-1,-1,0,0
v2,c5315,c5315_trojan0,PASS,PASS,PASS_STABLE,69605.600,48765.200,1.427362,8,-1,0,0
v2,c5315,c5315_trojan1,PASS,PASS,PASS_STABLE,75334.900,27763.500,2.713451,4,-1,0,0
v2,c5315,c5315_trojan10,PASS,PASS,PASS_STABLE,54751.300,25285.000,2.165367,7,-1,0,0
v2,c5315,c5315_trojan11,PASS,PASS,PASS_STABLE,22300.200,29037.200,0.767987,7,-1,0,0
v2,c5315,c5315_trojan12,PASS,PASS,PASS_STABLE,37392.200,29334.800,1.274670,8,-1,1,-4
v2,c5315,c5315_trojan13,PASS,PASS,PASS_STABLE,22906.800,7101.840,3.225474,7,-1,0,0
v2,c5315,c5315_trojan14,TIMEOUT,PASS,GAIN,,24416.600,,9,-1,0,0
v2,c5315,c5315_trojan15,PASS,PASS,PASS_STABLE,17811.900,4759.110,3.742696,4,-1,0,0
v2,c5315,c5315_trojan16,PASS,PASS,PASS_STABLE,63435.800,196173.000,0.323367,8,-1,0,0
v2,c5315,c5315_trojan17,PASS,PASS,PASS_STABLE,1465.140,811.901,1.804580,4,-1,0,0
v2,c5315,c5315_trojan18,FAIL,PASS,GAIN,123977.000,127893.000,,,-1,,0
v2,c5315,c5315_trojan19,PASS,PASS,PASS_STABLE,26036.200,9717.490,2.679313,7,-1,0,0
v2,c5315,c5315_trojan2,PASS,PASS,PASS_STABLE,60254.200,44682.000,1.348512,8,-1,0,0
v2,c5315,c5315_trojan20,FAIL,PASS,GAIN,284325.000,264624.000,,,-1,,0
v2,c5315,c5315_trojan21,TIMEOUT,TIMEOUT,FAIL_STABLE,,,,,,,
v2,c5315,c5315_trojan22,PASS,PASS,PASS_STABLE,27888.900,12790.400,2.180456,7,-1,0,0
v2,c5315,c5315_trojan23,FAIL,PASS,GAIN,285105.000,225319.000,,,-1,,0
v2,c5315,c5315_trojan24,PASS,PASS,PASS_STABLE,72195.100,57441.800,1.256839,9,-1,0,0
v2,c5315,c5315_trojan25,PASS,PASS,PASS_STABLE,21765.100,5907.930,3.684048,10,-1,0,0
v2,c5315,c5315_trojan26,PASS,PASS,PASS_STABLE,1856.630,670.512,2.768974,7,-1,0,0
v2,c5315,c5315_trojan27,PASS,PASS,PASS_STABLE,45426.700,16900.100,2.687955,8,-1,0,0
v2,c5315,c5315_trojan28,PASS,PASS,PASS_STABLE,3004.140,1045.930,2.872219,7,-1,0,0
v2,c5315,c5315_trojan29,PASS,PASS,PASS_STABLE,36639.900,15185.800,2.412774,8,-1,0,0
v2,c5315,c5315_trojan3,PASS,PASS,PASS_STABLE,14813.500,3737.730,3.963234,8,-1,0,0
v2,c5315,c5315_trojan30,PASS,PASS,PASS_STABLE,25973.000,7318.690,3.548859,4,-1,0,0
v2,c5315,c5315_trojan31,TIMEOUT,TIMEOUT,FAIL_STABLE,,,,,,,
v2,c5315,c5315_trojan32,PASS,PASS,PASS_STABLE,20006.800,5883.440,3.400528,10,-1,0,0
v2,c5315,c5315_trojan33,CEC_FAIL,PASS,GAIN,146932.000,11214.500,,10,-1,0,0
v2,c5315,c5315_trojan34,PASS,PASS,PASS_STABLE,2085.850,1642.220,1.270140,6,6,0,0
v2,c5315,c5315_trojan35,PASS,PASS,PASS_STABLE,27515.400,9406.890,2.925026,7,-1,0,0
v2,c5315,c5315_trojan36,PASS,PASS,PASS_STABLE,20291.800,5850.320,3.468494,4,-1,1,-11
v2,c5315,c5315_trojan37,TIMEOUT,PASS,GAIN,,162656.000,,461,-1,20,0
v2,c5315,c5315_trojan38,TIMEOUT,TIMEOUT,FAIL_STABLE,,,,,,,
v2,c5315,c5315_trojan39,PASS,PASS,PASS_STABLE,65826.200,10196.600,6.455701,6,-1,0,0
v2,c5315,c5315_trojan4,PASS,PASS,PASS_STABLE,41374.900,16452.100,2.514870,2,-1,0,0
v2,c5315,c5315_trojan40,TIMEOUT,PASS,GAIN,,138188.000,,491,-1,17,0
v2,c5315,c5315_trojan41,PASS,PASS,PASS_STABLE,33140.000,11295.500,2.933912,10,-1,0,-9
v2,c5315,c5315_trojan42,PASS,PASS,PASS_STABLE,1305.690,555.546,2.350282,4,-1,0,0
v2,c5315,c5315_trojan43,TIMEOUT,PASS,GAIN,,283064.000,,,-1,,0
v2,c5315,c5315_trojan44,PASS,PASS,PASS_STABLE,33770.300,11641.300,2.900905,7,-1,1,-11
v2,c5315,c5315_trojan45,PASS,PASS,PASS_STABLE,2220.200,773.710,2.869551,6,-1,14,0
v2,c5315,c5315_trojan46,PASS,PASS,PASS_STABLE,13470.800,3506.270,3.841917,7,-1,0,0
v2,c5315,c5315_trojan47,PASS,PASS,PASS_STABLE,24769.400,7166.590,3.456232,7,-1,0,0
v2,c5315,c5315_trojan48,PASS,TIMEOUT,REGRESSION,85459.800,,,8,,0,
v2,c5315,c5315_trojan49,CEC_FAIL,PASS,GAIN,26321.200,23763.600,,241,-1,18,0
v2,c5315,c5315_trojan5,PASS,PASS,PASS_STABLE,28238.000,8746.400,3.228528,7,-1,0,0
v2,c5315,c5315_trojan50,PASS,PASS,PASS_STABLE,64952.800,35678.000,1.820528,7,-1,0,-11
v2,c5315,c5315_trojan51,PASS,PASS,PASS_STABLE,89706.600,30940.900,2.899289,2,-1,0,0
v2,c5315,c5315_trojan52,TIMEOUT,PASS,GAIN,,201188.000,,827,-1,37,-2
v2,c5315,c5315_trojan53,PASS,PASS,PASS_STABLE,14191.900,6360.390,2.231294,4,-1,1,-4
v2,c5315,c5315_trojan54,PASS,PASS,PASS_STABLE,37790.200,13090.200,2.886908,4,-1,1,-4
v2,c5315,c5315_trojan55,CEC_FAIL,CEC_FAIL,FAIL_STABLE,149569.000,59953.500,,9,14,1,7
v2,c5315,c5315_trojan56,PASS,PASS,PASS_STABLE,31553.400,9018.830,3.498613,4,-1,1,-5
v2,c5315,c5315_trojan57,PASS,PASS,PASS_STABLE,26118.900,8014.440,3.258980,6,-1,0,-8
v2,c5315,c5315_trojan58,PASS,PASS,PASS_STABLE,33754.800,9219.530,3.661228,2,-1,0,0
v2,c5315,c5315_trojan59,PASS,PASS,PASS_STABLE,1346.930,617.290,2.182005,-1,-1,-5,-5
v2,c5315,c5315_trojan6,PASS,PASS,PASS_STABLE,31868.800,8582.710,3.713140,8,-1,0,0
v2,c5315,c5315_trojan60,PASS,PASS,PASS_STABLE,57797.800,22481.400,2.570916,4,-1,0,-8
v2,c5315,c5315_trojan61,PASS,PASS,PASS_STABLE,22909.700,8827.750,2.595191,4,-1,1,-5
v2,c5315,c5315_trojan62,PASS,PASS,PASS_STABLE,34134.400,12043.900,2.834165,5,-1,0,0
v2,c5315,c5315_trojan63,PASS,PASS,PASS_STABLE,21817.000,6454.240,3.380259,4,-1,0,-10
v2,c5315,c5315_trojan64,PASS,PASS,PASS_STABLE,48827.800,18393.500,2.654623,4,-1,0,-8
v2,c5315,c5315_trojan65,PASS,PASS,PASS_STABLE,17999.300,5247.230,3.430248,2,-1,0,0
v2,c5315,c5315_trojan66,FAIL,PASS,GAIN,253912.000,163800.000,,,-1,,-5
v2,c5315,c5315_trojan67,PASS,PASS,PASS_STABLE,1856.560,926.619,2.003585,4,-1,0,0
v2,c5315,c5315_trojan68,FAIL,PASS,GAIN,153307.000,119137.000,,,-1,,0
v2,c5315,c5315_trojan69,PASS,PASS,PASS_STABLE,28090.300,9390.000,2.991512,4,-1,1,-9
v2,c5315,c5315_trojan7,PASS,PASS,PASS_STABLE,52532.400,7121.250,7.376851,9,-1,1,-10
v2,c5315,c5315_trojan70,TIMEOUT,PASS,GAIN,,277489.000,,,-1,,-9
v2,c5315,c5315_trojan71,TIMEOUT,TIMEOUT,FAIL_STABLE,,,,,,,
v2,c5315,c5315_trojan72,PASS,PASS,PASS_STABLE,30016.300,10049.100,2.986964,4,-1,0,-3
v2,c5315,c5315_trojan73,TIMEOUT,PASS,GAIN,,274018.000,,,-1,,-6
v2,c5315,c5315_trojan74,PASS,PASS,PASS_STABLE,77944.800,282705.000,0.275711,7,-1,0,-3
v2,c5315,c5315_trojan75,PASS,PASS,PASS_STABLE,22152.200,7763.140,2.853510,4,-1,0,0
v2,c5315,c5315_trojan76,PASS,PASS,PASS_STABLE,1629.560,648.749,2.511850,4,-1,0,0
v2,c5315,c5315_trojan77,PASS,PASS,PASS_STABLE,45088.400,13524.400,3.333856,4,-1,0,-9
v2,c5315,c5315_trojan78,CEC_FAIL,CEC_FAIL,FAIL_STABLE,180316.000,86206.700,,9,14,0,8
v2,c5315,c5315_trojan79,PASS,PASS,PASS_STABLE,35421.400,10907.300,3.247495,7,-1,1,-6
v2,c5315,c5315_trojan8,PASS,PASS,PASS_STABLE,31911.100,13049.500,2.445389,4,-1,0,0
v2,c5315,c5315_trojan80,PASS,PASS,PASS_STABLE,32413.900,8589.210,3.773793,2,-1,0,0
v2,c5315,c5315_trojan81,TIMEOUT,TIMEOUT,FAIL_STABLE,,,,,,,
v2,c5315,c5315_trojan82,PASS,PASS,PASS_STABLE,21672.400,4998.310,4.335946,4,-1,2,-5
v2,c5315,c5315_trojan83,PASS,PASS,PASS_STABLE,1706.580,697.564,2.446485,4,-1,1,-10
v2,c5315,c5315_trojan84,PASS,PASS,PASS_STABLE,1798.770,646.385,2.782815,7,-1,0,0
v2,c5315,c5315_trojan85,PASS,PASS,PASS_STABLE,29283.100,8976.650,3.262141,4,-1,0,-3
v2,c5315,c5315_trojan86,PASS,PASS,PASS_STABLE,14349.500,3537.470,4.056430,6,-1,0,-7
v2,c5315,c5315_trojan87,FAIL,PASS,GAIN,264070.000,185923.000,,,-1,,-2
v2,c5315,c5315_trojan88,TIMEOUT,TIMEOUT,FAIL_STABLE,,,,,,,
v2,c5315,c5315_trojan89,PASS,PASS,PASS_STABLE,78149.700,10450.200,7.478297,3,-1,2,0
v2,c5315,c5315_trojan9,PASS,PASS,PASS_STABLE,1219.900,474.074,2.573227,-1,-1,-8,-8
v2,c5315,c5315_trojan90,TIMEOUT,PASS,GAIN,,139534.000,,479,-1,18,-9
v2,c5315,c5315_trojan91,PASS,PASS,PASS_STABLE,27366.100,10668.700,2.565083,6,-1,1,-1
v2,c5315,c5315_trojan92,PASS,PASS,PASS_STABLE,1498.190,664.106,2.255950,2,-1,0,0
v2,c5315,c5315_trojan93,TIMEOUT,PASS,GAIN,,251401.000,,,-1,,-11
v2,c5315,c5315_trojan94,PASS,PASS,PASS_STABLE,27901.500,9395.660,2.969616,5,-1,0,-6
v2,c5315,c5315_trojan95,PASS,PASS,PASS_STABLE,3248.620,790.983,4.107067,6,-1,1,0
v2,c5315,c5315_trojan96,PASS,PASS,PASS_STABLE,13860.600,3455.930,4.010672,4,-1,1,0
v2,c5315,c5315_trojan97,PASS,PASS,PASS_STABLE,24102.600,6903.210,3.491506,4,-1,1,-6
v2,c5315,c5315_trojan98,TIMEOUT,TIMEOUT,FAIL_STABLE,,,,,,,
v2,c5315,c5315_trojan99,CEC_FAIL,PASS,GAIN,30180.400,23276.400,,2110,-1,31,-8
v2,c6288,c6288_trojan0,PASS,PASS,PASS_STABLE,75156.400,5115.860,14.690863,3,-1,1,-40
v2,c7552,c7552_trojan0,PASS,PASS,PASS_STABLE,28828.100,7256.570,3.972690,6,-1,0,0
v2,c7552,c7552_trojan1,PASS,PASS,PASS_STABLE,21875.700,4850.720,4.509784,4,-1,0,0
v2,c7552,c7552_trojan11,PASS,PASS,PASS_STABLE,7487.320,2064.930,3.625944,4,-1,0,0
v2,c7552,c7552_trojan12,PASS,PASS,PASS_STABLE,35232.800,8534.780,4.128144,4,-1,0,0
v2,c7552,c7552_trojan13,PASS,PASS,PASS_STABLE,9581.490,1209.150,7.924153,4,-1,0,0
v2,c7552,c7552_trojan15,PASS,PASS,PASS_STABLE,875.748,565.023,1.549933,-1,-1,0,0
v2,c7552,c7552_trojan16,PASS,PASS,PASS_STABLE,6781.970,1132.900,5.986380,4,-1,0,0
v2,c7552,c7552_trojan17,PASS,PASS,PASS_STABLE,14940.600,1847.060,8.088855,5,-1,0,0
v2,c7552,c7552_trojan18,PASS,PASS,PASS_STABLE,2988.580,1768.960,1.689456,-1,-1,0,0
v2,c7552,c7552_trojan19,PASS,PASS,PASS_STABLE,39283.500,11863.200,3.311375,4,-1,0,0
v2,c7552,c7552_trojan2,CEC_FAIL,PASS,GAIN,8927.510,698.089,,3,-1,0,0
v2,c7552,c7552_trojan20,PASS,PASS,PASS_STABLE,2189.660,1336.960,1.637790,-1,-1,0,0
v2,c7552,c7552_trojan21,PASS,PASS,PASS_STABLE,32040.000,8356.480,3.834150,6,-1,0,0
v2,c7552,c7552_trojan22,PASS,PASS,PASS_STABLE,9422.230,2417.550,3.897429,6,-1,0,0
v2,c7552,c7552_trojan23,CEC_FAIL,PASS,GAIN,107950.000,5066.230,,6,-1,0,0
v2,c7552,c7552_trojan25,PASS,PASS,PASS_STABLE,21720.400,5376.340,4.039997,5,-1,0,0
v2,c7552,c7552_trojan26,PASS,PASS,PASS_STABLE,1594.300,550.269,2.897310,-1,-1,0,0
v2,c7552,c7552_trojan27,PASS,PASS,PASS_STABLE,2720.490,822.012,3.309550,2,-1,0,0
v2,c7552,c7552_trojan28,PASS,PASS,PASS_STABLE,17462.400,3807.270,4.586594,6,-1,0,0
v2,c7552,c7552_trojan29,PASS,PASS,PASS_STABLE,28209.500,7899.130,3.571216,4,-1,0,0
v2,c7552,c7552_trojan3,PASS,PASS,PASS_STABLE,39386.400,11280.300,3.491609,4,-1,0,0
v2,c7552,c7552_trojan30,PASS,PASS,PASS_STABLE,25481.800,5244.340,4.858915,5,-1,0,0
v2,c7552,c7552_trojan31,PASS,PASS,PASS_STABLE,27964.100,3032.370,9.221863,6,-1,0,0
v2,c7552,c7552_trojan32,PASS,PASS,PASS_STABLE,835.495,546.916,1.527648,-1,-1,0,0
v2,c7552,c7552_trojan33,PASS,PASS,PASS_STABLE,25731.200,6175.720,4.166510,4,-1,0,0
v2,c7552,c7552_trojan34,PASS,PASS,PASS_STABLE,31455.000,7795.770,4.034880,4,-1,0,0
v2,c7552,c7552_trojan35,PASS,PASS,PASS_STABLE,69582.600,9034.790,7.701629,2,-1,0,0
v2,c7552,c7552_trojan36,PASS,PASS,PASS_STABLE,4621.730,728.937,6.340370,3,-1,0,0
v2,c7552,c7552_trojan37,PASS,PASS,PASS_STABLE,32775.200,7857.190,4.171364,5,-1,0,0
v2,c7552,c7552_trojan38,PASS,PASS,PASS_STABLE,26908.200,5728.130,4.697554,6,-1,0,0
v2,c7552,c7552_trojan39,PASS,PASS,PASS_STABLE,3314.370,644.242,5.144604,2,-1,0,0
v2,c7552,c7552_trojan4,PASS,PASS,PASS_STABLE,34340.600,9329.000,3.681059,4,-1,0,0
v2,c7552,c7552_trojan40,PASS,PASS,PASS_STABLE,37634.500,9924.100,3.792233,6,-1,0,0
v2,c7552,c7552_trojan41,PASS,PASS,PASS_STABLE,28830.000,7019.140,4.107341,4,-1,0,0
v2,c7552,c7552_trojan42,PASS,PASS,PASS_STABLE,1877.520,1148.230,1.635143,-1,-1,0,0
v2,c7552,c7552_trojan43,PASS,PASS,PASS_STABLE,37780.100,10344.000,3.652369,4,-1,0,0
v2,c7552,c7552_trojan45,PASS,PASS,PASS_STABLE,26934.500,6126.180,4.396622,7,-1,0,0
v2,c7552,c7552_trojan46,PASS,PASS,PASS_STABLE,33995.600,8898.610,3.820327,4,-1,0,0
v2,c7552,c7552_trojan49,PASS,PASS,PASS_STABLE,2350.080,1121.890,2.094751,-1,-1,0,0
v2,c7552,c7552_trojan50,PASS,PASS,PASS_STABLE,22215.300,5086.450,4.367545,4,-1,0,0
v2,c7552,c7552_trojan51,PASS,PASS,PASS_STABLE,14127.500,3967.800,3.560537,2,-1,1,-2
v2,c7552,c7552_trojan52,PASS,PASS,PASS_STABLE,23972.400,6894.480,3.477043,6,-1,1,-1
v2,c7552,c7552_trojan53,CEC_FAIL,PASS,GAIN,8915.310,1286.140,,4,-1,0,0
v2,c7552,c7552_trojan54,PASS,PASS,PASS_STABLE,32790.000,8831.290,3.712934,2,-1,0,0
v2,c7552,c7552_trojan57,PASS,PASS,PASS_STABLE,84120.200,3741.340,22.483976,3,-1,0,0
v2,c7552,c7552_trojan58,PASS,PASS,PASS_STABLE,18144.100,4626.080,3.922133,4,-1,2,0
v2,c7552,c7552_trojan59,PASS,PASS,PASS_STABLE,19678.800,4725.120,4.164720,2,-1,0,0
v2,c7552,c7552_trojan6,PASS,PASS,PASS_STABLE,1545.350,852.784,1.812124,-1,-1,0,0
v2,c7552,c7552_trojan61,PASS,PASS,PASS_STABLE,5039.550,1550.880,3.249478,2,-1,6,0
v2,c7552,c7552_trojan62,PASS,PASS,PASS_STABLE,31053.000,8133.480,3.817923,2,-1,1,-11
v2,c7552,c7552_trojan63,PASS,PASS,PASS_STABLE,15112.300,1007.370,15.001737,4,-1,0,0
v2,c7552,c7552_trojan65,PASS,PASS,PASS_STABLE,893.541,607.290,1.471358,-1,-1,0,0
v2,c7552,c7552_trojan66,PASS,PASS,PASS_STABLE,3772.100,1490.330,2.531050,4,-1,0,0
v2,c7552,c7552_trojan67,PASS,PASS,PASS_STABLE,12048.600,1617.520,7.448811,3,-1,0,0
v2,c7552,c7552_trojan68,CEC_FAIL,PASS,GAIN,5570.670,1354.010,,3,-1,0,0
v2,c7552,c7552_trojan69,PASS,PASS,PASS_STABLE,26595.000,9117.300,2.916982,2,-1,0,0
v2,c7552,c7552_trojan7,PASS,PASS,PASS_STABLE,19884.900,5093.930,3.903646,2,-1,0,0
v2,c7552,c7552_trojan70,CEC_FAIL,CEC_FAIL,FAIL_STABLE,3466.890,1995.190,,1,1,0,0
v2,c7552,c7552_trojan71,PASS,PASS,PASS_STABLE,25919.000,7373.520,3.515146,4,-1,0,0
v2,c7552,c7552_trojan72,PASS,PASS,PASS_STABLE,8540.710,2069.510,4.126924,3,-1,0,-2
v2,c7552,c7552_trojan73,CEC_FAIL,CEC_FAIL,FAIL_STABLE,92281.000,27428.400,,3,5,0,0
v2,c7552,c7552_trojan75,PASS,PASS,PASS_STABLE,30418.100,3645.020,8.345112,4,-1,0,0
v2,c7552,c7552_trojan76,PASS,PASS,PASS_STABLE,25457.700,7260.380,3.506387,4,-1,0,0
v2,c7552,c7552_trojan77,PASS,PASS,PASS_STABLE,1232.290,901.051,1.367614,-1,-1,0,0
v2,c7552,c7552_trojan78,PASS,PASS,PASS_STABLE,10999.800,2651.120,4.149114,3,-1,0,0
v2,c7552,c7552_trojan79,PASS,PASS,PASS_STABLE,21844.400,5645.090,3.869628,2,-1,0,0
v2,c7552,c7552_trojan8,PASS,PASS,PASS_STABLE,21274.000,7611.660,2.794923,2,-1,0,0
v2,c7552,c7552_trojan80,PASS,PASS,PASS_STABLE,17172.200,4818.310,3.563947,4,-1,0,0
v2,c7552,c7552_trojan81,PASS,PASS,PASS_STABLE,7170.600,1962.120,3.654517,4,-1,0,0
v2,c7552,c7552_trojan82,CEC_FAIL,PASS,GAIN,7350.000,1198.380,,2,-1,0,0
v2,c7552,c7552_trojan83,PASS,PASS,PASS_STABLE,38470.100,4754.800,8.090792,2,-1,0,0
v2,c7552,c7552_trojan84,PASS,PASS,PASS_STABLE,24153.400,7280.630,3.317488,2,-1,0,0
v2,c7552,c7552_trojan85,PASS,PASS,PASS_STABLE,30874.100,8410.810,3.670764,2,-1,0,0
v2,c7552,c7552_trojan86,PASS,PASS,PASS_STABLE,2057.550,721.050,2.853547,3,-1,0,0
v2,c7552,c7552_trojan87,PASS,PASS,PASS_STABLE,23612.000,6577.280,3.589934,4,-1,0,0
v2,c7552,c7552_trojan88,PASS,PASS,PASS_STABLE,16917.400,4034.120,4.193579,4,-1,0,0
v2,c7552,c7552_trojan89,PASS,PASS,PASS_STABLE,1631.790,1095.940,1.488941,-1,-1,0,0
v2,c7552,c7552_trojan9,PASS,PASS,PASS_STABLE,25876.500,6699.380,3.862522,4,-1,0,0
v2,c7552,c7552_trojan90,PASS,PASS,PASS_STABLE,31348.500,8660.050,3.619898,3,-1,0,0
v2,c7552,c7552_trojan91,PASS,PASS,PASS_STABLE,19746.000,5540.380,3.564015,2,-1,0,0
v2,c7552,c7552_trojan92,PASS,PASS,PASS_STABLE,959.061,707.009,1.356505,-1,-1,0,0
v2,c7552,c7552_trojan93,PASS,PASS,PASS_STABLE,28676.200,7871.460,3.643060,2,-1,0,0
v2,c7552,c7552_trojan95,PASS,PASS,PASS_STABLE,16672.300,4222.570,3.948377,3,-1,0,0
v2,c7552,c7552_trojan96,PASS,PASS,PASS_STABLE,29107.700,8435.240,3.450726,2,-1,0,-1
v2,c880,c880_trojan0,PASS,PASS,PASS_STABLE,3613.070,1050.750,3.438563,8,-1,6,0
v2,c880,c880_trojan1,PASS,PASS,PASS_STABLE,9023.490,2841.740,3.175340,9,-1,1,0
v2,c880,c880_trojan10,PASS,PASS,PASS_STABLE,3716.130,917.244,4.051408,9,-1,1,0
v2,c880,c880_trojan11,PASS,PASS,PASS_STABLE,6686.790,999.437,6.690557,8,-1,1,-1
v2,c880,c880_trojan12,PASS,PASS,PASS_STABLE,4302.710,1079.400,3.986205,9,-1,1,0
v2,c880,c880_trojan13,PASS,PASS,PASS_STABLE,7114.780,562.428,12.650117,8,-1,2,0
v2,c880,c880_trojan14,PASS,PASS,PASS_STABLE,1675.260,763.340,2.194645,9,-1,1,0
v2,c880,c880_trojan15,PASS,PASS,PASS_STABLE,1309.990,449.185,2.916371,4,-1,1,0
v2,c880,c880_trojan16,PASS,PASS,PASS_STABLE,5951.250,1393.090,4.271978,10,-1,3,0
v2,c880,c880_trojan18,PASS,PASS,PASS_STABLE,1753.980,355.495,4.933909,4,-1,2,0
v2,c880,c880_trojan19,PASS,PASS,PASS_STABLE,7910.760,641.485,12.331949,5,-1,1,-1
v2,c880,c880_trojan2,PASS,PASS,PASS_STABLE,31702.500,2189.630,14.478474,5,-1,1,0
v2,c880,c880_trojan20,PASS,PASS,PASS_STABLE,2469.730,507.323,4.868161,7,-1,1,0
v2,c880,c880_trojan21,PASS,PASS,PASS_STABLE,4835.860,2027.010,2.385711,9,-1,1,0
v2,c880,c880_trojan22,PASS,PASS,PASS_STABLE,4161.580,879.826,4.730003,9,-1,2,0
v2,c880,c880_trojan23,PASS,PASS,PASS_STABLE,4309.690,1280.140,3.366577,9,-1,1,0
v2,c880,c880_trojan24,PASS,PASS,PASS_STABLE,5786.870,850.505,6.804040,4,-1,1,0
v2,c880,c880_trojan25,PASS,PASS,PASS_STABLE,4806.450,1431.630,3.357327,9,-1,1,-1
v2,c880,c880_trojan26,CEC_FAIL,PASS,GAIN,1538.330,783.814,,2,-1,1,0
v2,c880,c880_trojan28,CEC_FAIL,PASS,GAIN,4172.880,356.521,,5,-1,1,0
v2,c880,c880_trojan29,PASS,PASS,PASS_STABLE,664.679,339.039,1.960479,3,-1,1,0
v2,c880,c880_trojan3,PASS,PASS,PASS_STABLE,2069.980,852.906,2.426973,8,-1,5,0
v2,c880,c880_trojan30,CEC_FAIL,PASS,GAIN,1997.000,311.038,,5,-1,1,0
v2,c880,c880_trojan31,PASS,PASS,PASS_STABLE,11222.000,907.935,12.359916,7,-1,1,0
v2,c880,c880_trojan32,PASS,PASS,PASS_STABLE,3222.830,968.994,3.325955,8,-1,3,0
v2,c880,c880_trojan33,PASS,PASS,PASS_STABLE,5227.060,791.240,6.606162,9,-1,1,0
v2,c880,c880_trojan34,PASS,PASS,PASS_STABLE,5105.750,1397.850,3.652574,9,-1,1,0
v2,c880,c880_trojan35,PASS,PASS,PASS_STABLE,5654.130,1660.660,3.404749,9,-1,1,0
v2,c880,c880_trojan36,PASS,PASS,PASS_STABLE,1916.240,635.534,3.015165,3,-1,1,0
v2,c880,c880_trojan37,PASS,PASS,PASS_STABLE,4115.720,1142.500,3.602381,10,-1,3,0
v2,c880,c880_trojan38,PASS,PASS,PASS_STABLE,669.118,349.264,1.915794,13,-1,4,0
v2,c880,c880_trojan39,PASS,PASS,PASS_STABLE,5495.180,694.729,7.909818,7,-1,1,0
v2,c880,c880_trojan4,PASS,PASS,PASS_STABLE,8885.300,1355.040,6.557223,8,-1,1,0
v2,c880,c880_trojan40,PASS,PASS,PASS_STABLE,10142.300,1234.570,8.215249,9,-1,1,0
v2,c880,c880_trojan41,PASS,PASS,PASS_STABLE,2136.690,295.336,7.234777,5,-1,1,-1
v2,c880,c880_trojan42,PASS,PASS,PASS_STABLE,9182.080,991.881,9.257240,9,-1,2,0
v2,c880,c880_trojan43,PASS,PASS,PASS_STABLE,2068.370,852.242,2.426975,5,-1,5,0
v2,c880,c880_trojan44,PASS,PASS,PASS_STABLE,953.089,342.361,2.783871,4,-1,1,0
v2,c880,c880_trojan45,PASS,PASS,PASS_STABLE,3396.480,1092.770,3.108138,6,-1,1,0
v2,c880,c880_trojan46,PASS,PASS,PASS_STABLE,4921.130,484.239,10.162606,6,-1,2,0
v2,c880,c880_trojan47,PASS,PASS,PASS_STABLE,1561.560,589.823,2.647506,8,-1,2,0
v2,c880,c880_trojan48,PASS,PASS,PASS_STABLE,465.495,274.026,1.698726,-1,-1,0,0
v2,c880,c880_trojan49,PASS,PASS,PASS_STABLE,1684.650,639.479,2.634410,5,-1,4,0
v2,c880,c880_trojan5,PASS,PASS,PASS_STABLE,1537.680,377.048,4.078208,2,-1,5,0
v2,c880,c880_trojan50,PASS,PASS,PASS_STABLE,9119.630,1605.290,5.680986,4,-1,0,0
v2,c880,c880_trojan51,PASS,PASS,PASS_STABLE,18994.200,3810.490,4.984713,2,-1,3,0
v2,c880,c880_trojan52,PASS,PASS,PASS_STABLE,18472.100,2226.330,8.297108,6,-1,1,0
v2,c880,c880_trojan53,PASS,PASS,PASS_STABLE,4110.290,1216.100,3.379895,4,-1,3,0
v2,c880,c880_trojan54,PASS,PASS,PASS_STABLE,7581.180,3168.430,2.392724,7,-1,7,0
v2,c880,c880_trojan55,PASS,PASS,PASS_STABLE,543.930,337.532,1.611492,-1,-1,0,0
v2,c880,c880_trojan56,PASS,PASS,PASS_STABLE,5932.500,2077.990,2.854922,6,-1,1,0
v2,c880,c880_trojan57,PASS,PASS,PASS_STABLE,4681.350,1626.020,2.879024,5,-1,1,0
v2,c880,c880_trojan58,CEC_FAIL,PASS,GAIN,9079.350,499.827,,15,-1,4,0
v2,c880,c880_trojan59,PASS,PASS,PASS_STABLE,9230.270,2631.440,3.507688,6,-1,3,0
v2,c880,c880_trojan6,PASS,PASS,PASS_STABLE,3600.660,1059.890,3.397202,8,-1,1,0
v2,c880,c880_trojan60,PASS,PASS,PASS_STABLE,9461.170,1359.850,6.957510,7,-1,4,0
v2,c880,c880_trojan61,PASS,PASS,PASS_STABLE,2319.330,330.087,7.026420,3,-1,1,0
v2,c880,c880_trojan62,PASS,PASS,PASS_STABLE,5447.670,1671.470,3.259209,7,-1,3,0
v2,c880,c880_trojan63,PASS,PASS,PASS_STABLE,2648.280,660.778,4.007821,6,-1,1,0
v2,c880,c880_trojan64,CEC_FAIL,PASS,GAIN,3401.880,367.337,,10,-1,1,0
v2,c880,c880_trojan65,PASS,PASS,PASS_STABLE,701.691,349.720,2.006437,-1,-1,0,0
v2,c880,c880_trojan66,PASS,PASS,PASS_STABLE,4208.480,1308.970,3.215108,5,-1,2,0
v2,c880,c880_trojan68,PASS,PASS,PASS_STABLE,1417.080,372.025,3.809099,2,-1,0,0
v2,c880,c880_trojan69,PASS,PASS,PASS_STABLE,14972.100,1235.180,12.121391,8,-1,4,0
v2,c880,c880_trojan7,CEC_FAIL,PASS,GAIN,1574.610,414.384,,3,-1,1,-1
v2,c880,c880_trojan70,PASS,PASS,PASS_STABLE,3511.690,1255.960,2.796021,5,-1,7,0
v2,c880,c880_trojan71,PASS,PASS,PASS_STABLE,6467.450,2280.760,2.835656,7,-1,3,0
v2,c880,c880_trojan72,PASS,PASS,PASS_STABLE,3724.840,1215.110,3.065434,4,-1,1,0
v2,c880,c880_trojan73,PASS,PASS,PASS_STABLE,5049.070,1658.770,3.043864,4,-1,1,0
v2,c880,c880_trojan74,PASS,PASS,PASS_STABLE,9660.830,1133.500,8.523008,6,-1,3,0
v2,c880,c880_trojan75,PASS,PASS,PASS_STABLE,4815.080,1681.890,2.862898,7,-1,7,0
v2,c880,c880_trojan76,PASS,PASS,PASS_STABLE,1145.620,459.807,2.491524,2,-1,1,0
v2,c880,c880_trojan78,PASS,PASS,PASS_STABLE,7878.800,902.256,8.732333,4,-1,1,0
v2,c880,c880_trojan79,PASS,PASS,PASS_STABLE,4029.990,734.071,5.489919,6,-1,1,0
v2,c880,c880_trojan8,CEC_FAIL,PASS,GAIN,12675.600,773.198,,18,-1,6,0
v2,c880,c880_trojan80,CEC_FAIL,PASS,GAIN,2808.970,359.169,,5,-1,0,0
v2,c880,c880_trojan81,PASS,PASS,PASS_STABLE,10103.600,824.146,12.259478,4,-1,2,0
v2,c880,c880_trojan82,PASS,PASS,PASS_STABLE,3981.230,1270.800,3.132853,5,-1,3,0
v2,c880,c880_trojan83,PASS,PASS,PASS_STABLE,4189.170,1383.350,3.028279,7,-1,7,0
v2,c880,c880_trojan84,CEC_FAIL,PASS,GAIN,2385.220,320.370,,4,-1,0,0
v2,c880,c880_trojan85,PASS,PASS,PASS_STABLE,11639.600,2012.160,5.784629,7,-1,6,0
v2,c880,c880_trojan86,PASS,PASS,PASS_STABLE,5692.780,2010.330,2.831764,7,-1,4,0
v2,c880,c880_trojan87,PASS,PASS,PASS_STABLE,3759.190,1570.990,2.392880,2,-1,1,0
v2,c880,c880_trojan88,CEC_FAIL,PASS,GAIN,3589.610,368.422,,8,-1,2,0
v2,c880,c880_trojan89,PASS,PASS,PASS_STABLE,3992.930,846.292,4.718147,6,-1,1,0
v2,c880,c880_trojan9,PASS,PASS,PASS_STABLE,5330.470,1430.470,3.726377,8,-1,1,0
v2,c880,c880_trojan90,PASS,PASS,PASS_STABLE,8751.930,1431.870,6.112238,5,-1,8,0
v2,c880,c880_trojan91,CEC_FAIL,PASS,GAIN,3016.120,460.686,,4,-1,1,0
v2,c880,c880_trojan92,PASS,PASS,PASS_STABLE,4320.620,1125.200,3.839868,3,-1,9,0
v2,c880,c880_trojan93,PASS,PASS,PASS_STABLE,3243.320,1199.010,2.704998,3,-1,1,0
v2,c880,c880_trojan94,PASS,PASS,PASS_STABLE,2238.060,529.793,4.224405,7,-1,2,0
v2,c880,c880_trojan95,PASS,PASS,PASS_STABLE,7198.280,2459.940,2.926201,7,-1,4,0
v2,c880,c880_trojan96,PASS,PASS,PASS_STABLE,4342.630,780.259,5.565626,7,-1,1,0
v2,c880,c880_trojan97,PASS,PASS,PASS_STABLE,4138.270,1099.070,3.765247,4,-1,8,0
v2,c880,c880_trojan98,CEC_FAIL,PASS,GAIN,2874.720,332.721,,5,-1,2,0
v2,c880,c880_trojan99,PASS,PASS,PASS_STABLE,6329.630,583.908,10.840115,4,-1,1,0
v3,aes,aes_trojan1,TIMEOUT,PASS,GAIN,,89088.400,,,-1,,-8
v3,c2670,c2670_trojan0,PASS,PASS,PASS_STABLE,868.301,599.998,1.447173,-1,-1,0,0
v3,c2670,c2670_trojan1,PASS,PASS,PASS_STABLE,634.678,439.352,1.444577,-1,-1,0,0
v3,c2670,c2670_trojan10,PASS,PASS,PASS_STABLE,1349.240,1189.020,1.134750,-1,-1,0,0
v3,c2670,c2670_trojan11,PASS,PASS,PASS_STABLE,796.269,594.275,1.339900,-1,-1,-14,-14
v3,c2670,c2670_trojan12,PASS,PASS,PASS_STABLE,947.213,638.083,1.484467,-1,-1,0,0
v3,c2670,c2670_trojan13,PASS,PASS,PASS_STABLE,510.815,380.757,1.341577,-1,-1,0,0
v3,c2670,c2670_trojan14,PASS,PASS,PASS_STABLE,844.289,481.736,1.752597,-1,-1,0,0
v3,c2670,c2670_trojan15,PASS,PASS,PASS_STABLE,993.754,827.012,1.201620,-1,-1,0,0
v3,c2670,c2670_trojan16,PASS,PASS,PASS_STABLE,1149.490,843.667,1.362493,-1,-1,0,0
v3,c2670,c2670_trojan17,PASS,PASS,PASS_STABLE,581.506,515.891,1.127188,-1,-1,0,0
v3,c2670,c2670_trojan18,PASS,PASS,PASS_STABLE,755.748,566.610,1.333806,-1,-1,0,0
v3,c2670,c2670_trojan19,PASS,PASS,PASS_STABLE,853.399,510.685,1.671087,-1,-1,-8,-8
v3,c2670,c2670_trojan2,PASS,PASS,PASS_STABLE,676.850,546.525,1.238461,-1,-1,0,0
v3,c2670,c2670_trojan20,PASS,PASS,PASS_STABLE,604.263,365.975,1.651105,-1,-1,-13,-13
v3,c2670,c2670_trojan21,PASS,PASS,PASS_STABLE,493.764,423.802,1.165082,-1,-1,-13,-13
v3,c2670,c2670_trojan22,PASS,PASS,PASS_STABLE,586.661,433.748,1.352539,-1,-1,0,0
v3,c2670,c2670_trojan23,PASS,PASS,PASS_STABLE,760.618,617.001,1.232766,-1,-1,-12,-12
v3,c2670,c2670_trojan24,PASS,PASS,PASS_STABLE,1842.650,949.350,1.940960,-1,-1,0,0
v3,c2670,c2670_trojan25,PASS,PASS,PASS_STABLE,1085.790,748.691,1.450251,-1,-1,-12,-12
v3,c2670,c2670_trojan26,PASS,PASS,PASS_STABLE,474.390,422.941,1.121646,-1,-1,-11,-11
v3,c2670,c2670_trojan27,PASS,PASS,PASS_STABLE,571.723,485.670,1.177184,-1,-1,0,0
v3,c2670,c2670_trojan28,PASS,PASS,PASS_STABLE,1729.720,1027.020,1.684213,-1,-1,0,0
v3,c2670,c2670_trojan29,PASS,PASS,PASS_STABLE,737.889,451.136,1.635624,-1,-1,0,0
v3,c2670,c2670_trojan3,PASS,PASS,PASS_STABLE,1340.220,980.530,1.366832,-1,-1,0,0
v3,c2670,c2670_trojan30,PASS,PASS,PASS_STABLE,821.433,461.031,1.781731,-1,-1,0,0
v3,c2670,c2670_trojan31,PASS,PASS,PASS_STABLE,759.830,540.226,1.406504,-1,-1,-11,-11
v3,c2670,c2670_trojan32,PASS,PASS,PASS_STABLE,610.060,417.882,1.459886,-1,-1,0,0
v3,c2670,c2670_trojan33,PASS,PASS,PASS_STABLE,552.170,371.132,1.487799,-1,-1,0,0
v3,c2670,c2670_trojan34,PASS,PASS,PASS_STABLE,602.675,527.068,1.143448,-1,-1,0,0
v3,c2670,c2670_trojan35,PASS,PASS,PASS_STABLE,650.722,454.699,1.431105,-1,-1,0,0
v3,c2670,c2670_trojan36,PASS,PASS,PASS_STABLE,739.584,440.980,1.677137,-1,-1,-12,-12
v3,c2670,c2670_trojan37,PASS,PASS,PASS_STABLE,772.518,424.623,1.819303,-1,-1,-14,-14
v3,c2670,c2670_trojan38,PASS,PASS,PASS_STABLE,554.036,438.936,1.262225,-1,-1,0,0
v3,c2670,c2670_trojan39,PASS,PASS,PASS_STABLE,520.659,383.802,1.356582,-1,-1,-11,-11
v3,c2670,c2670_trojan4,PASS,PASS,PASS_STABLE,550.069,401.985,1.368382,-1,-1,0,0
v3,c2670,c2670_trojan40,PASS,PASS,PASS_STABLE,822.007,586.519,1.401501,-1,-1,-13,-13
v3,c2670,c2670_trojan41,PASS,PASS,PASS_STABLE,1125.910,926.175,1.215656,-1,-1,-13,-13
v3,c2670,c2670_trojan42,PASS,PASS,PASS_STABLE,794.242,574.864,1.381617,-1,-1,-9,-9
v3,c2670,c2670_trojan43,PASS,PASS,PASS_STABLE,2260.580,1879.610,1.202686,-1,-1,-9,-9
v3,c2670,c2670_trojan44,PASS,PASS,PASS_STABLE,541.715,414.119,1.308114,-1,-1,0,0
v3,c2670,c2670_trojan45,PASS,PASS,PASS_STABLE,545.886,466.507,1.170156,-1,-1,0,0
v3,c2670,c2670_trojan46,PASS,PASS,PASS_STABLE,1596.170,1033.090,1.545044,-1,-1,-11,-11
v3,c2670,c2670_trojan47,PASS,PASS,PASS_STABLE,858.051,614.101,1.397247,-1,-1,0,0
v3,c2670,c2670_trojan48,PASS,PASS,PASS_STABLE,1226.410,991.991,1.236312,-1,-1,-12,-12
v3,c2670,c2670_trojan49,PASS,PASS,PASS_STABLE,647.928,468.107,1.384145,-1,-1,-13,-13
v3,c2670,c2670_trojan5,PASS,PASS,PASS_STABLE,570.798,445.251,1.281969,-1,-1,0,0
v3,c2670,c2670_trojan50,PASS,PASS,PASS_STABLE,552.930,376.374,1.469097,-1,-1,-3,-3
v3,c2670,c2670_trojan51,PASS,PASS,PASS_STABLE,946.791,653.198,1.449470,-1,-1,-3,-3
v3,c2670,c2670_trojan52,PASS,PASS,PASS_STABLE,865.155,581.914,1.486740,-1,-1,0,0
v3,c2670,c2670_trojan53,PASS,PASS,PASS_STABLE,2364.220,1592.000,1.485063,-1,-1,-5,-5
v3,c2670,c2670_trojan54,PASS,PASS,PASS_STABLE,600.726,504.983,1.189596,-1,-1,0,0
v3,c2670,c2670_trojan55,PASS,PASS,PASS_STABLE,592.182,448.131,1.321448,-1,-1,0,0
v3,c2670,c2670_trojan56,PASS,PASS,PASS_STABLE,732.248,501.562,1.459935,-1,-1,-5,-5
v3,c2670,c2670_trojan57,PASS,PASS,PASS_STABLE,789.792,569.241,1.387447,-1,-1,-2,-2
v3,c2670,c2670_trojan58,PASS,PASS,PASS_STABLE,883.265,608.125,1.452440,-1,-1,0,0
v3,c2670,c2670_trojan59,PASS,PASS,PASS_STABLE,518.446,389.082,1.332485,-1,-1,-6,-6
v3,c2670,c2670_trojan6,PASS,PASS,PASS_STABLE,636.747,536.196,1.187527,-1,-1,0,0
v3,c2670,c2670_trojan60,PASS,PASS,PASS_STABLE,1433.660,941.192,1.523239,-1,-1,0,0
v3,c2670,c2670_trojan61,PASS,PASS,PASS_STABLE,655.187,499.262,1.312311,-1,-1,-2,-2
v3,c2670,c2670_trojan62,PASS,PASS,PASS_STABLE,934.514,704.751,1.326020,-1,-1,-3,-3
v3,c2670,c2670_trojan63,PASS,PASS,PASS_STABLE,555.326,384.395,1.444675,-1,-1,-5,-5
v3,c2670,c2670_trojan64,PASS,PASS,PASS_STABLE,1071.620,780.080,1.373731,-1,-1,-7,-7
v3,c2670,c2670_trojan65,PASS,PASS,PASS_STABLE,1037.960,798.433,1.299996,-1,-1,-2,-2
v3,c2670,c2670_trojan66,PASS,PASS,PASS_STABLE,943.547,655.810,1.438751,-1,-1,-3,-3
v3,c2670,c2670_trojan67,PASS,PASS,PASS_STABLE,613.945,558.537,1.099202,-1,-1,0,0
v3,c2670,c2670_trojan68,PASS,PASS,PASS_STABLE,577.400,405.600,1.423570,-1,-1,-3,-3
v3,c2670,c2670_trojan69,PASS,PASS,PASS_STABLE,710.567,523.713,1.356787,-1,-1,0,0
v3,c2670,c2670_trojan7,PASS,PASS,PASS_STABLE,704.103,530.244,1.327885,-1,-1,-12,-12
v3,c2670,c2670_trojan70,PASS,PASS,PASS_STABLE,543.731,380.596,1.428630,-1,-1,-2,-2
v3,c2670,c2670_trojan71,PASS,PASS,PASS_STABLE,1210.620,895.187,1.352365,-1,-1,-2,-2
v3,c2670,c2670_trojan72,PASS,PASS,PASS_STABLE,478.034,383.598,1.246185,-1,-1,-3,-3
v3,c2670,c2670_trojan73,PASS,PASS,PASS_STABLE,799.893,569.923,1.403511,-1,-1,-2,-2
v3,c2670,c2670_trojan74,PASS,PASS,PASS_STABLE,972.506,654.132,1.486712,-1,-1,0,0
v3,c2670,c2670_trojan75,PASS,PASS,PASS_STABLE,3672.720,2646.350,1.387844,-1,-1,-5,-5
v3,c2670,c2670_trojan76,PASS,PASS,PASS_STABLE,545.305,413.319,1.319332,-1,-1,-2,-2
v3,c2670,c2670_trojan77,PASS,PASS,PASS_STABLE,576.982,451.455,1.278050,-1,-1,0,0
v3,c2670,c2670_trojan78,PASS,PASS,PASS_STABLE,2441.650,1553.950,1.571254,-1,-1,-5,-5
v3,c2670,c2670_trojan79,PASS,PASS,PASS_STABLE,1201.750,925.730,1.298165,-1,-1,0,0
v3,c2670,c2670_trojan8,PASS,PASS,PASS_STABLE,823.045,558.679,1.473198,-1,-1,-13,-13
v3,c2670,c2670_trojan80,PASS,PASS,PASS_STABLE,1381.620,909.300,1.519433,-1,-1,-3,-3
v3,c2670,c2670_trojan81,PASS,PASS,PASS_STABLE,2653.590,1662.270,1.596365,-1,-1,-2,-2
v3,c2670,c2670_trojan82,PASS,PASS,PASS_STABLE,559.065,407.472,1.372033,-1,-1,0,0
v3,c2670,c2670_trojan83,PASS,PASS,PASS_STABLE,1215.930,864.160,1.407066,-1,-1,0,0
v3,c2670,c2670_trojan84,PASS,PASS,PASS_STABLE,690.457,526.760,1.310762,-1,-1,0,0
v3,c2670,c2670_trojan85,PASS,PASS,PASS_STABLE,543.950,504.303,1.078617,-1,-1,0,0
v3,c2670,c2670_trojan86,PASS,PASS,PASS_STABLE,852.645,633.198,1.346569,-1,-1,0,0
v3,c2670,c2670_trojan87,PASS,PASS,PASS_STABLE,637.330,500.971,1.272189,-1,-1,-2,-2
v3,c2670,c2670_trojan88,PASS,PASS,PASS_STABLE,633.023,554.310,1.142002,-1,-1,0,0
v3,c2670,c2670_trojan89,PASS,PASS,PASS_STABLE,671.586,490.278,1.369807,-1,-1,-1,-1
v3,c2670,c2670_trojan9,PASS,PASS,PASS_STABLE,514.490,444.369,1.157799,-1,-1,-12,-12
v3,c2670,c2670_trojan90,PASS,PASS,PASS_STABLE,854.874,604.038,1.415265,-1,-1,0,0
v3,c2670,c2670_trojan91,PASS,PASS,PASS_STABLE,1809.810,1157.360,1.563740,-1,-1,-7,-7
v3,c2670,c2670_trojan92,PASS,PASS,PASS_STABLE,1094.730,756.135,1.447797,-1,-1,-7,-7
v3,c2670,c2670_trojan93,PASS,PASS,PASS_STABLE,735.847,520.263,1.414375,-1,-1,0,0
v3,c2670,c2670_trojan94,PASS,PASS,PASS_STABLE,884.083,616.392,1.434287,-1,-1,-4,-4
v3,c2670,c2670_trojan95,PASS,PASS,PASS_STABLE,642.221,466.327,1.377190,-1,-1,0,0
v3,c2670,c2670_trojan96,PASS,PASS,PASS_STABLE,1874.220,1167.360,1.605520,-1,-1,-7,-7
v3,c2670,c2670_trojan97,PASS,PASS,PASS_STABLE,890.234,589.055,1.511292,-1,-1,-7,-7
v3,c2670,c2670_trojan98,PASS,PASS,PASS_STABLE,1272.470,867.512,1.466804,-1,-1,0,0
v3,c2670,c2670_trojan99,PASS,PASS,PASS_STABLE,1084.890,730.854,1.484414,-1,-1,-2,-2
v3,c3540,c3540_trojan0,PASS,PASS,PASS_STABLE,15751.000,5314.320,2.963879,2,-1,0,0
v3,c3540,c3540_trojan1,PASS,PASS,PASS_STABLE,4866.160,2670.300,1.822327,-1,-1,0,0
v3,c3540,c3540_trojan10,PASS,PASS,PASS_STABLE,14703.100,2906.690,5.058365,2,-1,1,0
v3,c3540,c3540_trojan11,PASS,PASS,PASS_STABLE,8817.340,5804.980,1.518927,-1,-1,0,0
v3,c3540,c3540_trojan12,PASS,PASS,PASS_STABLE,3188.190,1074.490,2.967166,2,-1,1,0
v3,c3540,c3540_trojan13,PASS,PASS,PASS_STABLE,2795.910,898.147,3.112976,2,-1,0,0
v3,c3540,c3540_trojan14,PASS,PASS,PASS_STABLE,3278.800,1910.110,1.716550,-1,-1,0,0
v3,c3540,c3540_trojan15,PASS,PASS,PASS_STABLE,3170.340,1844.200,1.719087,-1,-1,0,0
v3,c3540,c3540_trojan16,PASS,PASS,PASS_STABLE,2370.480,749.660,3.162073,2,-1,1,-6
v3,c3540,c3540_trojan17,PASS,PASS,PASS_STABLE,18221.900,4998.360,3.645576,2,-1,0,0
v3,c3540,c3540_trojan18,PASS,PASS,PASS_STABLE,6499.570,4147.700,1.567030,-1,-1,0,0
v3,c3540,c3540_trojan19,PASS,PASS,PASS_STABLE,840.996,710.950,1.182919,-1,-1,0,0
v3,c3540,c3540_trojan2,PASS,PASS,PASS_STABLE,8417.490,7618.000,1.104947,-1,-1,0,0
v3,c3540,c3540_trojan20,PASS,PASS,PASS_STABLE,3518.730,2218.840,1.585842,-1,-1,0,0
v3,c3540,c3540_trojan21,PASS,PASS,PASS_STABLE,3808.550,3590.380,1.060765,-1,-1,0,0
v3,c3540,c3540_trojan22,PASS,PASS,PASS_STABLE,3402.980,8435.320,0.403420,-1,-1,-4,-4
v3,c3540,c3540_trojan23,PASS,PASS,PASS_STABLE,3497.090,3537.440,0.988593,-1,-1,0,0
v3,c3540,c3540_trojan24,PASS,PASS,PASS_STABLE,5216.770,3575.600,1.458991,-1,-1,0,0
v3,c3540,c3540_trojan25,PASS,PASS,PASS_STABLE,530.735,505.760,1.049381,-1,-1,-4,-4
v3,c3540,c3540_trojan26,PASS,PASS,PASS_STABLE,2424.940,748.309,3.240560,2,-1,0,0
v3,c3540,c3540_trojan27,PASS,PASS,PASS_STABLE,2222.800,1209.540,1.837723,-1,-1,0,0
v3,c3540,c3540_trojan28,PASS,PASS,PASS_STABLE,8339.560,2094.180,3.982256,2,-1,0,0
v3,c3540,c3540_trojan29,PASS,PASS,PASS_STABLE,934.464,640.050,1.459986,-1,-1,0,0
v3,c3540,c3540_trojan3,PASS,PASS,PASS_STABLE,3291.010,2021.960,1.627634,-1,-1,-6,-6
v3,c3540,c3540_trojan30,PASS,PASS,PASS_STABLE,2958.010,1743.960,1.696146,-1,-1,0,0
v3,c3540,c3540_trojan31,PASS,PASS,PASS_STABLE,10587.200,2893.010,3.659579,2,-1,1,0
v3,c3540,c3540_trojan32,PASS,PASS,PASS_STABLE,3074.660,1813.490,1.695438,-1,-1,0,0
v3,c3540,c3540_trojan33,PASS,PASS,PASS_STABLE,2877.950,867.308,3.318256,2,-1,0,0
v3,c3540,c3540_trojan34,PASS,PASS,PASS_STABLE,666.652,571.236,1.167034,-1,-1,0,0
v3,c3540,c3540_trojan35,PASS,PASS,PASS_STABLE,16181.900,4708.760,3.436552,2,-1,0,0
v3,c3540,c3540_trojan36,PASS,PASS,PASS_STABLE,8485.010,6741.450,1.258633,-1,-1,0,0
v3,c3540,c3540_trojan37,PASS,PASS,PASS_STABLE,2500.190,1620.970,1.542404,-1,-1,0,0
v3,c3540,c3540_trojan38,PASS,PASS,PASS_STABLE,2044.610,669.197,3.055319,2,-1,0,0
v3,c3540,c3540_trojan39,PASS,PASS,PASS_STABLE,7216.990,1862.150,3.875622,2,-1,1,0
v3,c3540,c3540_trojan4,PASS,PASS,PASS_STABLE,3669.050,2793.260,1.313537,-1,-1,0,0
v3,c3540,c3540_trojan40,PASS,PASS,PASS_STABLE,10077.000,10860.000,0.927901,-1,-1,0,0
v3,c3540,c3540_trojan41,PASS,PASS,PASS_STABLE,1626.100,969.020,1.678087,3,3,1,1
v3,c3540,c3540_trojan42,PASS,PASS,PASS_STABLE,6169.470,5087.490,1.212675,2,2,1,1
v3,c3540,c3540_trojan43,PASS,PASS,PASS_STABLE,8349.370,2750.240,3.035870,2,-1,1,0
v3,c3540,c3540_trojan44,PASS,PASS,PASS_STABLE,1270.930,497.839,2.552894,2,-1,0,0
v3,c3540,c3540_trojan45,PASS,PASS,PASS_STABLE,10170.000,5068.870,2.006364,2,-1,1,0
v3,c3540,c3540_trojan46,PASS,PASS,PASS_STABLE,2432.260,1712.850,1.420008,2,2,0,0
v3,c3540,c3540_trojan47,PASS,PASS,PASS_STABLE,10252.600,3233.030,3.171205,2,-1,0,0
v3,c3540,c3540_trojan48,PASS,PASS,PASS_STABLE,3130.250,2814.300,1.112266,2,-1,1,0
v3,c3540,c3540_trojan49,PASS,PASS,PASS_STABLE,1499.960,997.199,1.504173,-1,-1,0,0
v3,c3540,c3540_trojan5,PASS,PASS,PASS_STABLE,8477.770,6102.170,1.389304,-1,-1,0,0
v3,c3540,c3540_trojan50,PASS,PASS,PASS_STABLE,12544.300,3703.280,3.387349,3,-1,0,0
v3,c3540,c3540_trojan51,PASS,PASS,PASS_STABLE,5001.240,3225.790,1.550392,-1,-1,0,0
v3,c3540,c3540_trojan52,PASS,PASS,PASS_STABLE,11575.100,12616.300,0.917472,-1,-1,0,0
v3,c3540,c3540_trojan53,PASS,PASS,PASS_STABLE,4011.400,2529.870,1.585615,-1,-1,0,0
v3,c3540,c3540_trojan54,PASS,PASS,PASS_STABLE,6448.590,4841.080,1.332056,-1,-1,0,0
v3,c3540,c3540_trojan55,PASS,PASS,PASS_STABLE,8849.580,7701.040,1.149141,-1,-1,0,0
v3,c3540,c3540_trojan56,PASS,PASS,PASS_STABLE,774.002,627.845,1.232792,-1,-1,0,0
v3,c3540,c3540_trojan57,PASS,PASS,PASS_STABLE,2146.050,1221.110,1.757458,-1,-1,0,0
v3,c3540,c3540_trojan58,PASS,PASS,PASS_STABLE,3112.720,1917.910,1.622975,-1,-1,0,0
v3,c3540,c3540_trojan59,PASS,PASS,PASS_STABLE,3371.840,2640.940,1.276758,-1,-1,0,0
v3,c3540,c3540_trojan6,PASS,PASS,PASS_STABLE,1581.960,542.608,2.915475,2,-1,1,0
v3,c3540,c3540_trojan60,PASS,PASS,PASS_STABLE,5747.540,3842.370,1.495832,-1,-1,0,0
v3,c3540,c3540_trojan61,PASS,PASS,PASS_STABLE,12784.800,12277.100,1.041353,-1,-1,0,0
v3,c3540,c3540_trojan62,PASS,PASS,PASS_STABLE,1149.390,938.161,1.225152,-1,-1,0,0
v3,c3540,c3540_trojan63,PASS,PASS,PASS_STABLE,3007.250,1756.070,1.712489,-1,-1,0,0
v3,c3540,c3540_trojan64,PASS,PASS,PASS_STABLE,3193.420,1901.650,1.679289,-1,-1,0,0
v3,c3540,c3540_trojan65,PASS,PASS,PASS_STABLE,6201.450,4377.600,1.416632,-1,-1,0,0
v3,c3540,c3540_trojan66,PASS,PASS,PASS_STABLE,20617.100,7136.170,2.889099,3,-1,0,0
v3,c3540,c3540_trojan67,PASS,PASS,PASS_STABLE,9190.080,6888.120,1.334193,-1,-1,0,0
v3,c3540,c3540_trojan68,PASS,PASS,PASS_STABLE,8568.800,6789.430,1.262079,-1,-1,0,0
v3,c3540,c3540_trojan69,PASS,PASS,PASS_STABLE,1533.550,1027.380,1.492680,-1,-1,0,0
v3,c3540,c3540_trojan7,PASS,PASS,PASS_STABLE,2089.550,1198.780,1.743064,-1,-1,0,0
v3,c3540,c3540_trojan70,PASS,PASS,PASS_STABLE,9728.230,2647.800,3.674080,2,-1,0,0
v3,c3540,c3540_trojan71,PASS,PASS,PASS_STABLE,2724.590,1647.280,1.653993,-1,-1,0,0
v3,c3540,c3540_trojan72,PASS,PASS,PASS_STABLE,3360.830,2028.440,1.656855,-1,-1,0,0
v3,c3540,c3540_trojan73,PASS,PASS,PASS_STABLE,3479.170,2152.180,1.616579,-1,-1,0,0
v3,c3540,c3540_trojan74,PASS,PASS,PASS_STABLE,5185.780,3448.640,1.503717,-1,-1,0,0
v3,c3540,c3540_trojan75,PASS,PASS,PASS_STABLE,602.205,507.749,1.186029,-1,-1,0,0
v3,c3540,c3540_trojan76,PASS,PASS,PASS_STABLE,1087.170,848.272,1.281629,-1,-1,0,0
v3,c3540,c3540_trojan77,PASS,PASS,PASS_STABLE,2443.190,1369.900,1.783481,-1,-1,0,0
v3,c3540,c3540_trojan78,PASS,PASS,PASS_STABLE,2017.090,741.692,2.719579,3,-1,0,0
v3,c3540,c3540_trojan79,PASS,PASS,PASS_STABLE,2850.430,1697.360,1.679331,-1,-1,0,0
v3,c3540,c3540_trojan8,PASS,PASS,PASS_STABLE,2840.410,1689.680,1.681034,-1,-1,0,0
v3,c3540,c3540_trojan80,PASS,PASS,PASS_STABLE,3314.570,1990.030,1.665588,-1,-1,0,0
v3,c3540,c3540_trojan81,PASS,PASS,PASS_STABLE,22299.800,7666.080,2.908892,3,-1,0,0
v3,c3540,c3540_trojan82,PASS,PASS,PASS_STABLE,3658.370,2401.280,1.523508,-1,-1,0,0
v3,c3540,c3540_trojan83,PASS,PASS,PASS_STABLE,2762.480,974.777,2.833961,3,-1,0,0
v3,c3540,c3540_trojan84,PASS,PASS,PASS_STABLE,6996.900,3256.390,2.148668,2,-1,0,0
v3,c3540,c3540_trojan85,PASS,PASS,PASS_STABLE,1312.400,559.889,2.344036,3,-1,0,0
v3,c3540,c3540_trojan86,PASS,PASS,PASS_STABLE,12267.300,10820.200,1.133741,-1,-1,0,0
v3,c3540,c3540_trojan87,PASS,PASS,PASS_STABLE,702.936,509.601,1.379385,-1,-1,0,0
v3,c3540,c3540_trojan88,PASS,PASS,PASS_STABLE,5612.690,1802.330,3.114130,3,-1,0,0
v3,c3540,c3540_trojan89,PASS,PASS,PASS_STABLE,3486.330,2092.090,1.666434,-1,-1,0,0
v3,c3540,c3540_trojan9,PASS,PASS,PASS_STABLE,3240.790,1964.330,1.649820,-1,-1,0,0
v3,c3540,c3540_trojan90,PASS,PASS,PASS_STABLE,16660.100,12768.000,1.304832,-1,-1,0,0
v3,c3540,c3540_trojan91,PASS,PASS,PASS_STABLE,1679.830,777.486,2.160592,3,-1,0,0
v3,c3540,c3540_trojan92,PASS,PASS,PASS_STABLE,6002.960,4473.900,1.341773,1,1,0,0
v3,c3540,c3540_trojan93,PASS,PASS,PASS_STABLE,3814.660,2391.710,1.594951,-1,-1,0,0
v3,c3540,c3540_trojan94,PASS,PASS,PASS_STABLE,836.034,917.288,0.911419,-1,-1,0,0
v3,c3540,c3540_trojan95,PASS,PASS,PASS_STABLE,5740.890,4077.630,1.407899,-1,-1,0,0
v3,c3540,c3540_trojan96,PASS,PASS,PASS_STABLE,1695.270,1223.040,1.386112,1,1,0,0
v3,c3540,c3540_trojan97,PASS,PASS,PASS_STABLE,13645.900,4817.370,2.832645,3,-1,0,0
v3,c3540,c3540_trojan98,PASS,PASS,PASS_STABLE,2608.270,1556.950,1.675243,-1,-1,0,0
v3,c3540,c3540_trojan99,PASS,PASS,PASS_STABLE,3243.130,1927.320,1.682715,-1,-1,0,0
v3,c5315,c5315_trojan0,TIMEOUT,PASS,GAIN,,48765.200,,909,-1,28,0
v3,c5315,c5315_trojan1,PASS,PASS,PASS_STABLE,76387.000,27763.500,2.751346,4,-1,0,0
v3,c5315,c5315_trojan10,PASS,PASS,PASS_STABLE,60593.000,25285.000,2.396401,7,-1,0,0
v3,c5315,c5315_trojan11,PASS,PASS,PASS_STABLE,22005.600,29037.200,0.757842,7,-1,0,0
v3,c5315,c5315_trojan12,PASS,PASS,PASS_STABLE,38575.800,29334.800,1.315018,8,-1,1,-4
v3,c5315,c5315_trojan13,PASS,PASS,PASS_STABLE,24531.200,7101.840,3.454203,7,-1,0,0
v3,c5315,c5315_trojan14,TIMEOUT,PASS,GAIN,,24416.600,,13,-1,0,0
v3,c5315,c5315_trojan15,PASS,PASS,PASS_STABLE,19213.000,4759.110,4.037099,4,-1,0,0
v3,c5315,c5315_trojan16,FAIL,PASS,GAIN,229031.000,196173.000,,,-1,,0
v3,c5315,c5315_trojan17,PASS,PASS,PASS_STABLE,1626.010,811.901,2.002720,4,-1,0,0
v3,c5315,c5315_trojan18,TIMEOUT,PASS,GAIN,,127893.000,,601,-1,19,0
v3,c5315,c5315_trojan19,PASS,PASS,PASS_STABLE,24510.600,9717.490,2.522318,7,-1,0,0
v3,c5315,c5315_trojan2,TIMEOUT,PASS,GAIN,,44682.000,,990,-1,35,0
v3,c5315,c5315_trojan20,TIMEOUT,PASS,GAIN,,264624.000,,,-1,,0
v3,c5315,c5315_trojan21,TIMEOUT,TIMEOUT,FAIL_STABLE,,,,,,,
v3,c5315,c5315_trojan22,PASS,PASS,PASS_STABLE,30056.700,12790.400,2.349942,7,-1,0,0
v3,c5315,c5315_trojan23,TIMEOUT,PASS,GAIN,,225319.000,,1178,-1,34,0
v3,c5315,c5315_trojan24,TIMEOUT,PASS,GAIN,,57441.800,,,-1,,0
v3,c5315,c5315_trojan25,PASS,PASS,PASS_STABLE,24774.600,5907.930,4.193448,10,-1,0,0
v3,c5315,c5315_trojan26,PASS,PASS,PASS_STABLE,1980.070,670.512,2.953072,7,-1,0,0
v3,c5315,c5315_trojan27,PASS,PASS,PASS_STABLE,47104.700,16900.100,2.787244,8,-1,0,0
v3,c5315,c5315_trojan28,PASS,PASS,PASS_STABLE,3022.610,1045.930,2.889878,7,-1,0,0
v3,c5315,c5315_trojan29,PASS,PASS,PASS_STABLE,51231.400,15185.800,3.373639,15,-1,0,0
v3,c5315,c5315_trojan3,PASS,PASS,PASS_STABLE,14979.800,3737.730,4.007727,8,-1,0,0
v3,c5315,c5315_trojan30,PASS,PASS,PASS_STABLE,26471.700,7318.690,3.617000,4,-1,0,0
v3,c5315,c5315_trojan31,TIMEOUT,TIMEOUT,FAIL_STABLE,,,,,,,
v3,c5315,c5315_trojan32,PASS,PASS,PASS_STABLE,20468.600,5883.440,3.479019,10,-1,0,0
v3,c5315,c5315_trojan33,CEC_FAIL,PASS,GAIN,150614.000,11214.500,,13,-1,0,0
v3,c5315,c5315_trojan34,PASS,PASS,PASS_STABLE,1980.560,1642.220,1.206026,6,6,0,0
v3,c5315,c5315_trojan35,PASS,PASS,PASS_STABLE,27833.500,9406.890,2.958842,7,-1,0,0
v3,c5315,c5315_trojan36,PASS,PASS,PASS_STABLE,21080.100,5850.320,3.603239,4,-1,1,-11
v3,c5315,c5315_trojan37,TIMEOUT,PASS,GAIN,,162656.000,,777,-1,18,0
v3,c5315,c5315_trojan38,TIMEOUT,TIMEOUT,FAIL_STABLE,,,,,,,
v3,c5315,c5315_trojan39,PASS,PASS,PASS_STABLE,64056.000,10196.600,6.282094,6,-1,0,0
v3,c5315,c5315_trojan4,PASS,PASS,PASS_STABLE,44766.700,16452.100,2.721033,7,-1,0,0
v3,c5315,c5315_trojan40,TIMEOUT,PASS,GAIN,,138188.000,,521,-1,24,0
v3,c5315,c5315_trojan41,PASS,PASS,PASS_STABLE,32851.200,11295.500,2.908344,10,-1,0,-9
v3,c5315,c5315_trojan42,PASS,PASS,PASS_STABLE,1329.620,555.546,2.393357,4,-1,0,0
v3,c5315,c5315_trojan43,TIMEOUT,PASS,GAIN,,283064.000,,,-1,,0
v3,c5315,c5315_trojan44,PASS,PASS,PASS_STABLE,32182.600,11641.300,2.764519,7,-1,1,-11
v3,c5315,c5315_trojan45,PASS,PASS,PASS_STABLE,2140.420,773.710,2.766437,6,-1,14,0
v3,c5315,c5315_trojan46,PASS,PASS,PASS_STABLE,13640.900,3506.270,3.890431,7,-1,0,0
v3,c5315,c5315_trojan47,PASS,PASS,PASS_STABLE,22782.800,7166.590,3.179029,7,-1,0,0
v3,c5315,c5315_trojan48,TIMEOUT,TIMEOUT,FAIL_STABLE,,,,,,,
v3,c5315,c5315_trojan49,CEC_FAIL,PASS,GAIN,8654.460,23763.600,,221,-1,12,0
v3,c5315,c5315_trojan5,PASS,PASS,PASS_STABLE,27789.000,8746.400,3.177193,7,-1,0,0
v3,c5315,c5315_trojan50,TIMEOUT,PASS,GAIN,,35678.000,,843,-1,19,-11
v3,c5315,c5315_trojan51,PASS,PASS,PASS_STABLE,88314.100,30940.900,2.854283,2,-1,0,0
v3,c5315,c5315_trojan52,FAIL,PASS,GAIN,242355.000,201188.000,,,-1,,-2
v3,c5315,c5315_trojan53,PASS,PASS,PASS_STABLE,15446.100,6360.390,2.428483,4,-1,1,-4
v3,c5315,c5315_trojan54,PASS,PASS,PASS_STABLE,36696.400,13090.200,2.803349,4,-1,1,-4
v3,c5315,c5315_trojan55,CEC_FAIL,CEC_FAIL,FAIL_STABLE,149178.000,59953.500,,10,14,1,7
v3,c5315,c5315_trojan56,PASS,PASS,PASS_STABLE,32524.900,9018.830,3.606333,4,-1,1,-5
v3,c5315,c5315_trojan57,PASS,PASS,PASS_STABLE,26114.300,8014.440,3.258406,6,-1,0,-8
v3,c5315,c5315_trojan58,PASS,PASS,PASS_STABLE,31950.700,9219.530,3.465545,2,-1,0,0
v3,c5315,c5315_trojan59,PASS,PASS,PASS_STABLE,1472.830,617.290,2.385961,4,-1,1,-5
v3,c5315,c5315_trojan6,PASS,PASS,PASS_STABLE,32309.100,8582.710,3.764440,8,-1,0,0
v3,c5315,c5315_trojan60,PASS,PASS,PASS_STABLE,54063.700,22481.400,2.404819,4,-1,0,-8
v3,c5315,c5315_trojan61,PASS,PASS,PASS_STABLE,24292.100,8827.750,2.751788,4,-1,1,-5
v3,c5315,c5315_trojan62,PASS,PASS,PASS_STABLE,37531.500,12043.900,3.116225,5,-1,0,0
v3,c5315,c5315_trojan63,PASS,PASS,PASS_STABLE,21698.000,6454.240,3.361821,4,-1,0,-10
v3,c5315,c5315_trojan64,PASS,PASS,PASS_STABLE,48568.000,18393.500,2.640498,4,-1,0,-8
v3,c5315,c5315_trojan65,PASS,PASS,PASS_STABLE,18223.500,5247.230,3.472975,2,-1,0,0
v3,c5315,c5315_trojan66,FAIL,PASS,GAIN,276666.000,163800.000,,,-1,,-5
v3,c5315,c5315_trojan67,PASS,PASS,PASS_STABLE,1690.900,926.619,1.824806,4,-1,0,0
v3,c5315,c5315_trojan68,FAIL,PASS,GAIN,163430.000,119137.000,,,-1,,0
v3,c5315,c5315_trojan69,PASS,PASS,PASS_STABLE,24383.500,9390.000,2.596752,4,-1,1,-9
v3,c5315,c5315_trojan7,PASS,PASS,PASS_STABLE,46739.700,7121.250,6.563412,9,-1,1,-10
v3,c5315,c5315_trojan70,TIMEOUT,PASS,GAIN,,277489.000,,,-1,,-9
v3,c5315,c5315_trojan71,TIMEOUT,TIMEOUT,FAIL_STABLE,,,,,,,
v3,c5315,c5315_trojan72,PASS,PASS,PASS_STABLE,28691.800,10049.100,2.855161,4,-1,0,-3
v3,c5315,c5315_trojan73,TIMEOUT,PASS,GAIN,,274018.000,,,-1,,-6
v3,c5315,c5315_trojan74,TIMEOUT,PASS,GAIN,,282705.000,,,-1,,-3
v3,c5315,c5315_trojan75,PASS,PASS,PASS_STABLE,22196.600,7763.140,2.859230,4,-1,0,0
v3,c5315,c5315_trojan76,PASS,PASS,PASS_STABLE,1862.050,648.749,2.870216,4,-1,0,0
v3,c5315,c5315_trojan77,PASS,PASS,PASS_STABLE,44258.000,13524.400,3.272456,4,-1,0,-9
v3,c5315,c5315_trojan78,CEC_FAIL,CEC_FAIL,FAIL_STABLE,200503.000,86206.700,,12,14,6,8
v3,c5315,c5315_trojan79,PASS,PASS,PASS_STABLE,35757.700,10907.300,3.278327,11,-1,1,-6
v3,c5315,c5315_trojan8,PASS,PASS,PASS_STABLE,31613.700,13049.500,2.422599,4,-1,0,0
v3,c5315,c5315_trojan80,PASS,PASS,PASS_STABLE,31699.800,8589.210,3.690654,2,-1,0,0
v3,c5315,c5315_trojan81,TIMEOUT,TIMEOUT,FAIL_STABLE,,,,,,,
v3,c5315,c5315_trojan82,PASS,PASS,PASS_STABLE,20536.800,4998.310,4.108749,4,-1,2,-5
v3,c5315,c5315_trojan83,PASS,PASS,PASS_STABLE,1665.100,697.564,2.387021,4,-1,1,-10
v3,c5315,c5315_trojan84,PASS,PASS,PASS_STABLE,1791.120,646.385,2.770980,7,-1,0,0
v3,c5315,c5315_trojan85,PASS,PASS,PASS_STABLE,30065.000,8976.650,3.349245,4,-1,0,-3
v3,c5315,c5315_trojan86,PASS,PASS,PASS_STABLE,14000.200,3537.470,3.957687,6,-1,0,-7
v3,c5315,c5315_trojan87,TIMEOUT,PASS,GAIN,,185923.000,,798,-1,16,-2
v3,c5315,c5315_trojan88,TIMEOUT,TIMEOUT,FAIL_STABLE,,,,,,,
v3,c5315,c5315_trojan89,PASS,PASS,PASS_STABLE,70440.100,10450.200,6.740550,3,-1,2,0
v3,c5315,c5315_trojan9,PASS,PASS,PASS_STABLE,1433.020,474.074,3.022777,3,-1,1,-8
v3,c5315,c5315_trojan90,TIMEOUT,PASS,GAIN,,139534.000,,471,-1,24,-9
v3,c5315,c5315_trojan91,PASS,PASS,PASS_STABLE,24020.700,10668.700,2.251511,6,-1,1,-1
v3,c5315,c5315_trojan92,PASS,PASS,PASS_STABLE,1415.340,664.106,2.131196,2,-1,0,0
v3,c5315,c5315_trojan93,TIMEOUT,PASS,GAIN,,251401.000,,,-1,,-11
v3,c5315,c5315_trojan94,PASS,PASS,PASS_STABLE,27662.400,9395.660,2.944168,5,-1,0,-6
v3,c5315,c5315_trojan95,PASS,PASS,PASS_STABLE,3338.060,790.983,4.220141,6,-1,1,0
v3,c5315,c5315_trojan96,PASS,PASS,PASS_STABLE,13600.800,3455.930,3.935496,4,-1,1,0
v3,c5315,c5315_trojan97,PASS,PASS,PASS_STABLE,23857.600,6903.210,3.456015,4,-1,1,-6
v3,c5315,c5315_trojan98,TIMEOUT,TIMEOUT,FAIL_STABLE,,,,,,,
v3,c5315,c5315_trojan99,CEC_FAIL,PASS,GAIN,9358.890,23276.400,,35,-1,1,-8
v3,c6288,c6288_trojan0,PASS,PASS,PASS_STABLE,74306.400,5115.860,14.524713,3,-1,1,-40
v3,c7552,c7552_trojan0,PASS,PASS,PASS_STABLE,27449.500,7256.570,3.782710,6,-1,0,0
v3,c7552,c7552_trojan1,PASS,PASS,PASS_STABLE,22209.500,4850.720,4.578599,4,-1,0,0
v3,c7552,c7552_trojan11,PASS,PASS,PASS_STABLE,7664.440,2064.930,3.711719,4,-1,0,0
v3,c7552,c7552_trojan12,PASS,PASS,PASS_STABLE,33314.200,8534.780,3.903346,4,-1,0,0
v3,c7552,c7552_trojan13,PASS,PASS,PASS_STABLE,9608.330,1209.150,7.946351,4,-1,0,0
v3,c7552,c7552_trojan15,PASS,PASS,PASS_STABLE,822.339,565.023,1.455408,-1,-1,0,0
v3,c7552,c7552_trojan16,PASS,PASS,PASS_STABLE,6614.020,1132.900,5.838132,4,-1,0,0
v3,c7552,c7552_trojan17,PASS,PASS,PASS_STABLE,14856.600,1847.060,8.043377,5,-1,0,0
v3,c7552,c7552_trojan18,PASS,PASS,PASS_STABLE,2923.870,1768.960,1.652875,-1,-1,0,0
v3,c7552,c7552_trojan19,PASS,PASS,PASS_STABLE,36882.900,11863.200,3.109018,4,-1,0,0
v3,c7552,c7552_trojan2,CEC_FAIL,PASS,GAIN,9071.690,698.089,,3,-1,0,0
v3,c7552,c7552_trojan20,PASS,PASS,PASS_STABLE,2161.020,1336.960,1.616368,-1,-1,0,0
v3,c7552,c7552_trojan21,PASS,PASS,PASS_STABLE,30671.100,8356.480,3.670337,6,-1,0,0
v3,c7552,c7552_trojan22,PASS,PASS,PASS_STABLE,9572.500,2417.550,3.959587,6,-1,0,0
v3,c7552,c7552_trojan23,CEC_FAIL,PASS,GAIN,108602.000,5066.230,,6,-1,0,0
v3,c7552,c7552_trojan25,PASS,PASS,PASS_STABLE,21620.500,5376.340,4.021416,5,-1,0,0
v3,c7552,c7552_trojan26,CEC_FAIL,PASS,GAIN,7753.760,550.269,,2,-1,0,0
v3,c7552,c7552_trojan27,PASS,PASS,PASS_STABLE,2651.370,822.012,3.225464,2,-1,0,0
v3,c7552,c7552_trojan28,PASS,PASS,PASS_STABLE,16562.400,3807.270,4.350204,6,-1,0,0
v3,c7552,c7552_trojan29,PASS,PASS,PASS_STABLE,27720.700,7899.130,3.509336,4,-1,0,0
v3,c7552,c7552_trojan3,PASS,PASS,PASS_STABLE,34909.600,11280.300,3.094740,10,-1,0,0
v3,c7552,c7552_trojan30,PASS,PASS,PASS_STABLE,23871.500,5244.340,4.551860,5,-1,0,0
v3,c7552,c7552_trojan31,PASS,PASS,PASS_STABLE,25991.300,3032.370,8.571283,6,-1,0,0
v3,c7552,c7552_trojan32,PASS,PASS,PASS_STABLE,821.569,546.916,1.502185,-1,-1,0,0
v3,c7552,c7552_trojan33,PASS,PASS,PASS_STABLE,24879.300,6175.720,4.028567,4,-1,0,0
v3,c7552,c7552_trojan34,PASS,PASS,PASS_STABLE,29728.500,7795.770,3.813414,4,-1,0,0
v3,c7552,c7552_trojan35,PASS,PASS,PASS_STABLE,68053.500,9034.790,7.532383,2,-1,0,0
v3,c7552,c7552_trojan36,PASS,PASS,PASS_STABLE,4768.640,728.937,6.541910,3,-1,0,0
v3,c7552,c7552_trojan37,PASS,PASS,PASS_STABLE,29531.000,7857.190,3.758468,5,-1,0,0
v3,c7552,c7552_trojan38,PASS,PASS,PASS_STABLE,24239.400,5728.130,4.231643,6,-1,0,0
v3,c7552,c7552_trojan39,PASS,PASS,PASS_STABLE,3237.530,644.242,5.025332,2,-1,0,0
v3,c7552,c7552_trojan4,PASS,PASS,PASS_STABLE,32517.000,9329.000,3.485583,4,-1,0,0
v3,c7552,c7552_trojan40,PASS,PASS,PASS_STABLE,37701.200,9924.100,3.798954,6,-1,0,0
v3,c7552,c7552_trojan41,PASS,PASS,PASS_STABLE,26120.500,7019.140,3.721325,4,-1,0,0
v3,c7552,c7552_trojan42,PASS,PASS,PASS_STABLE,1662.120,1148.230,1.447550,-1,-1,0,0
v3,c7552,c7552_trojan43,PASS,PASS,PASS_STABLE,36275.100,10344.000,3.506874,4,-1,0,0
v3,c7552,c7552_trojan45,PASS,PASS,PASS_STABLE,26726.200,6126.180,4.362621,7,-1,0,0
v3,c7552,c7552_trojan46,PASS,PASS,PASS_STABLE,32135.600,8898.610,3.611306,4,-1,0,0
v3,c7552,c7552_trojan49,PASS,PASS,PASS_STABLE,6126.900,1121.890,5.461231,-1,-1,0,0
v3,c7552,c7552_trojan50,PASS,PASS,PASS_STABLE,21860.400,5086.450,4.297772,4,-1,0,0
v3,c7552,c7552_trojan51,PASS,PASS,PASS_STABLE,15057.400,3967.800,3.794899,2,-1,1,-2
v3,c7552,c7552_trojan52,PASS,PASS,PASS_STABLE,23278.500,6894.480,3.376397,6,-1,1,-1
v3,c7552,c7552_trojan53,CEC_FAIL,PASS,GAIN,8592.780,1286.140,,5,-1,0,0
v3,c7552,c7552_trojan54,PASS,PASS,PASS_STABLE,31042.000,8831.290,3.515002,2,-1,0,0
v3,c7552,c7552_trojan57,PASS,PASS,PASS_STABLE,86932.200,3741.340,23.235579,3,-1,0,0
v3,c7552,c7552_trojan58,PASS,PASS,PASS_STABLE,18719.300,4626.080,4.046471,4,-1,2,0
v3,c7552,c7552_trojan59,PASS,PASS,PASS_STABLE,19259.400,4725.120,4.075960,2,-1,0,0
v3,c7552,c7552_trojan6,PASS,PASS,PASS_STABLE,1456.780,852.784,1.708264,-1,-1,0,0
v3,c7552,c7552_trojan61,PASS,PASS,PASS_STABLE,5215.200,1550.880,3.362736,2,-1,6,0
v3,c7552,c7552_trojan62,PASS,PASS,PASS_STABLE,30037.600,8133.480,3.693081,2,-1,1,-11
v3,c7552,c7552_trojan63,PASS,PASS,PASS_STABLE,15293.900,1007.370,15.182009,4,-1,0,0
v3,c7552,c7552_trojan65,PASS,PASS,PASS_STABLE,848.088,607.290,1.396512,-1,-1,0,0
v3,c7552,c7552_trojan66,PASS,PASS,PASS_STABLE,3898.300,1490.330,2.615729,4,-1,0,0
v3,c7552,c7552_trojan67,PASS,PASS,PASS_STABLE,12253.500,1617.520,7.575486,3,-1,0,0
v3,c7552,c7552_trojan68,CEC_FAIL,PASS,GAIN,5504.200,1354.010,,3,-1,0,0
v3,c7552,c7552_trojan69,PASS,PASS,PASS_STABLE,25487.100,9117.300,2.795466,2,-1,0,0
v3,c7552,c7552_trojan7,PASS,PASS,PASS_STABLE,20514.000,5093.930,4.027146,2,-1,0,0
v3,c7552,c7552_trojan70,CEC_FAIL,CEC_FAIL,FAIL_STABLE,3439.250,1995.190,,1,1,0,0
v3,c7552,c7552_trojan71,PASS,PASS,PASS_STABLE,24919.200,7373.520,3.379553,4,-1,0,0
v3,c7552,c7552_trojan72,PASS,PASS,PASS_STABLE,8159.340,2069.510,3.942643,3,-1,0,-2
v3,c7552,c7552_trojan73,CEC_FAIL,CEC_FAIL,FAIL_STABLE,101046.000,27428.400,,5,5,0,0
v3,c7552,c7552_trojan75,PASS,PASS,PASS_STABLE,32731.800,3645.020,8.979868,4,-1,0,0
v3,c7552,c7552_trojan76,PASS,PASS,PASS_STABLE,24310.400,7260.380,3.348365,4,-1,0,0
v3,c7552,c7552_trojan77,PASS,PASS,PASS_STABLE,1314.380,901.051,1.458719,-1,-1,0,0
v3,c7552,c7552_trojan78,PASS,PASS,PASS_STABLE,11153.800,2651.120,4.207203,3,-1,0,0
v3,c7552,c7552_trojan79,PASS,PASS,PASS_STABLE,21484.900,5645.090,3.805945,2,-1,0,0
v3,c7552,c7552_trojan8,PASS,PASS,PASS_STABLE,25901.200,7611.660,3.402832,3,-1,0,0
v3,c7552,c7552_trojan80,PASS,PASS,PASS_STABLE,19549.100,4818.310,4.057252,4,-1,0,0
v3,c7552,c7552_trojan81,PASS,PASS,PASS_STABLE,7192.650,1962.120,3.665754,4,-1,0,0
v3,c7552,c7552_trojan82,CEC_FAIL,PASS,GAIN,7297.480,1198.380,,2,-1,6,0
v3,c7552,c7552_trojan83,PASS,PASS,PASS_STABLE,40455.500,4754.800,8.508349,2,-1,0,0
v3,c7552,c7552_trojan84,PASS,PASS,PASS_STABLE,23039.900,7280.630,3.164548,2,-1,0,0
v3,c7552,c7552_trojan85,PASS,PASS,PASS_STABLE,29177.900,8410.810,3.469095,2,-1,0,0
v3,c7552,c7552_trojan86,PASS,PASS,PASS_STABLE,2094.850,721.050,2.905277,3,-1,0,0
v3,c7552,c7552_trojan87,PASS,PASS,PASS_STABLE,22986.800,6577.280,3.494879,4,-1,0,0
v3,c7552,c7552_trojan88,PASS,PASS,PASS_STABLE,19337.200,4034.120,4.793412,4,-1,0,0
v3,c7552,c7552_trojan89,PASS,PASS,PASS_STABLE,1698.690,1095.940,1.549984,-1,-1,0,0
v3,c7552,c7552_trojan9,PASS,PASS,PASS_STABLE,24928.700,6699.380,3.721046,4,-1,0,0
v3,c7552,c7552_trojan90,PASS,PASS,PASS_STABLE,36639.100,8660.050,4.230819,3,-1,0,0
v3,c7552,c7552_trojan91,PASS,PASS,PASS_STABLE,22098.500,5540.380,3.988625,2,-1,0,0
v3,c7552,c7552_trojan92,PASS,PASS,PASS_STABLE,911.008,707.009,1.288538,-1,-1,0,0
v3,c7552,c7552_trojan93,PASS,PASS,PASS_STABLE,28477.700,7871.460,3.617842,2,-1,0,0
v3,c7552,c7552_trojan95,PASS,PASS,PASS_STABLE,17413.700,4222.570,4.123958,3,-1,0,0
v3,c7552,c7552_trojan96,PASS,PASS,PASS_STABLE,28224.900,8435.240,3.346070,2,-1,0,-1
v3,c880,c880_trojan0,PASS,PASS,PASS_STABLE,3499.260,1050.750,3.330250,8,-1,6,0
v3,c880,c880_trojan1,PASS,PASS,PASS_STABLE,9243.700,2841.740,3.252831,9,-1,1,0
v3,c880,c880_trojan10,PASS,PASS,PASS_STABLE,3390.680,917.244,3.696595,9,-1,1,0
v3,c880,c880_trojan11,PASS,PASS,PASS_STABLE,7915.300,999.437,7.919759,8,-1,1,-1
v3,c880,c880_trojan12,PASS,PASS,PASS_STABLE,4085.770,1079.400,3.785223,9,-1,1,0
v3,c880,c880_trojan13,PASS,PASS,PASS_STABLE,7072.170,562.428,12.574356,8,-1,2,0
v3,c880,c880_trojan14,PASS,PASS,PASS_STABLE,1689.810,763.340,2.213706,9,-1,1,0
v3,c880,c880_trojan15,PASS,PASS,PASS_STABLE,1820.790,449.185,4.053541,9,-1,1,0
v3,c880,c880_trojan16,PASS,PASS,PASS_STABLE,4871.930,1393.090,3.497211,10,-1,3,0
v3,c880,c880_trojan18,PASS,PASS,PASS_STABLE,1972.490,355.495,5.548573,4,-1,2,0
v3,c880,c880_trojan19,PASS,PASS,PASS_STABLE,8932.790,641.485,13.925174,5,-1,1,-1
v3,c880,c880_trojan2,PASS,PASS,PASS_STABLE,36131.500,2189.630,16.501190,5,-1,1,0
v3,c880,c880_trojan20,PASS,PASS,PASS_STABLE,2728.570,507.323,5.378368,7,-1,1,0
v3,c880,c880_trojan21,PASS,PASS,PASS_STABLE,4561.890,2027.010,2.250551,9,-1,1,0
v3,c880,c880_trojan22,PASS,PASS,PASS_STABLE,3473.080,879.826,3.947462,9,-1,2,0
v3,c880,c880_trojan23,PASS,PASS,PASS_STABLE,4679.030,1280.140,3.655092,9,-1,1,0
v3,c880,c880_trojan24,PASS,PASS,PASS_STABLE,6254.770,850.505,7.354184,4,-1,1,0
v3,c880,c880_trojan25,PASS,PASS,PASS_STABLE,4779.680,1431.630,3.338628,9,-1,1,-1
v3,c880,c880_trojan26,CEC_FAIL,PASS,GAIN,2245.360,783.814,,2,-1,1,0
v3,c880,c880_trojan28,CEC_FAIL,PASS,GAIN,3836.140,356.521,,5,-1,1,0
v3,c880,c880_trojan29,PASS,PASS,PASS_STABLE,806.451,339.039,2.378638,3,-1,1,0
v3,c880,c880_trojan3,PASS,PASS,PASS_STABLE,2641.320,852.906,3.096848,9,-1,5,0
v3,c880,c880_trojan30,CEC_FAIL,PASS,GAIN,2797.460,311.038,,5,-1,1,0
v3,c880,c880_trojan31,PASS,PASS,PASS_STABLE,13434.300,907.935,14.796544,7,-1,1,0
v3,c880,c880_trojan32,PASS,PASS,PASS_STABLE,3758.200,968.994,3.878455,8,-1,3,0
v3,c880,c880_trojan33,PASS,PASS,PASS_STABLE,6308.830,791.240,7.973346,9,-1,1,0
v3,c880,c880_trojan34,PASS,PASS,PASS_STABLE,4878.970,1397.850,3.490339,9,-1,1,0
v3,c880,c880_trojan35,PASS,PASS,PASS_STABLE,5597.000,1660.660,3.370347,9,-1,1,0
v3,c880,c880_trojan36,PASS,PASS,PASS_STABLE,1768.220,635.534,2.782259,4,-1,3,0
v3,c880,c880_trojan37,PASS,PASS,PASS_STABLE,3960.920,1142.500,3.466888,10,-1,3,0
v3,c880,c880_trojan38,PASS,PASS,PASS_STABLE,1134.080,349.264,3.247057,13,-1,4,0
v3,c880,c880_trojan39,PASS,PASS,PASS_STABLE,5655.480,694.729,8.140556,7,-1,1,0
v3,c880,c880_trojan4,PASS,PASS,PASS_STABLE,8730.850,1355.040,6.443242,8,-1,1,0
v3,c880,c880_trojan40,PASS,PASS,PASS_STABLE,8308.070,1234.570,6.729525,9,-1,1,0
v3,c880,c880_trojan41,PASS,PASS,PASS_STABLE,2363.070,295.336,8.001293,5,-1,1,-1
v3,c880,c880_trojan42,PASS,PASS,PASS_STABLE,11597.700,991.881,11.692632,9,-1,2,0
v3,c880,c880_trojan43,PASS,PASS,PASS_STABLE,2940.760,852.242,3.450616,5,-1,5,0
v3,c880,c880_trojan44,PASS,PASS,PASS_STABLE,1410.450,342.361,4.119774,4,-1,1,0
v3,c880,c880_trojan45,PASS,PASS,PASS_STABLE,3498.340,1092.770,3.201351,6,-1,1,0
v3,c880,c880_trojan46,PASS,PASS,PASS_STABLE,5958.640,484.239,12.305163,6,-1,2,0
v3,c880,c880_trojan47,PASS,PASS,PASS_STABLE,2745.420,589.823,4.654651,8,-1,2,0
v3,c880,c880_trojan48,CEC_FAIL,PASS,GAIN,2585.300,274.026,,8,-1,7,0
v3,c880,c880_trojan49,PASS,PASS,PASS_STABLE,2026.010,639.479,3.168220,5,-1,4,0
v3,c880,c880_trojan5,PASS,PASS,PASS_STABLE,2808.830,377.048,7.449529,2,-1,5,0
v3,c880,c880_trojan50,PASS,PASS,PASS_STABLE,11860.800,1605.290,7.388572,4,-1,0,0
v3,c880,c880_trojan51,PASS,PASS,PASS_STABLE,10573.000,3810.490,2.774709,5,-1,4,0
v3,c880,c880_trojan52,PASS,PASS,PASS_STABLE,24584.600,2226.330,11.042658,6,-1,1,0
v3,c880,c880_trojan53,PASS,PASS,PASS_STABLE,4883.130,1216.100,4.015402,4,-1,3,0
v3,c880,c880_trojan54,PASS,PASS,PASS_STABLE,8617.880,3168.430,2.719921,7,-1,7,0
v3,c880,c880_trojan55,PASS,PASS,PASS_STABLE,507.333,337.532,1.503066,-1,-1,0,0
v3,c880,c880_trojan56,PASS,PASS,PASS_STABLE,8642.810,2077.990,4.159216,6,-1,1,0
v3,c880,c880_trojan57,PASS,PASS,PASS_STABLE,6495.740,1626.020,3.994871,5,-1,1,0
v3,c880,c880_trojan58,CEC_FAIL,PASS,GAIN,12051.600,499.827,,17,-1,9,0
v3,c880,c880_trojan59,PASS,PASS,PASS_STABLE,13954.500,2631.440,5.302990,6,-1,3,0
v3,c880,c880_trojan6,PASS,PASS,PASS_STABLE,4216.030,1059.890,3.977800,8,-1,1,0
v3,c880,c880_trojan60,PASS,PASS,PASS_STABLE,11338.600,1359.850,8.338126,7,-1,4,0
v3,c880,c880_trojan61,PASS,PASS,PASS_STABLE,2217.310,330.087,6.717350,3,-1,1,0
v3,c880,c880_trojan62,PASS,PASS,PASS_STABLE,5556.960,1671.470,3.324595,7,-1,3,0
v3,c880,c880_trojan63,PASS,PASS,PASS_STABLE,3336.450,660.778,5.049275,6,-1,1,0
v3,c880,c880_trojan64,CEC_FAIL,PASS,GAIN,3486.050,367.337,,11,-1,0,0
v3,c880,c880_trojan65,PASS,PASS,PASS_STABLE,2983.600,349.720,8.531397,4,-1,2,0
v3,c880,c880_trojan66,PASS,PASS,PASS_STABLE,5020.940,1308.970,3.835795,5,-1,2,0
v3,c880,c880_trojan68,PASS,PASS,PASS_STABLE,1663.980,372.025,4.472764,2,-1,0,0
v3,c880,c880_trojan69,PASS,PASS,PASS_STABLE,17418.300,1235.180,14.101831,8,-1,4,0
v3,c880,c880_trojan7,CEC_FAIL,PASS,GAIN,2388.400,414.384,,5,-1,1,-1
v3,c880,c880_trojan70,PASS,PASS,PASS_STABLE,5201.240,1255.960,4.141247,5,-1,7,0
v3,c880,c880_trojan71,PASS,PASS,PASS_STABLE,9275.580,2280.760,4.066881,7,-1,3,0
v3,c880,c880_trojan72,PASS,PASS,PASS_STABLE,6268.600,1215.110,5.158875,4,-1,1,0
v3,c880,c880_trojan73,PASS,PASS,PASS_STABLE,6748.010,1658.770,4.068081,4,-1,1,0
v3,c880,c880_trojan74,PASS,PASS,PASS_STABLE,13546.400,1133.500,11.950948,6,-1,3,0
v3,c880,c880_trojan75,PASS,PASS,PASS_STABLE,5690.950,1681.890,3.383664,7,-1,7,0
v3,c880,c880_trojan76,PASS,PASS,PASS_STABLE,2214.590,459.807,4.816347,5,-1,1,0
v3,c880,c880_trojan78,PASS,PASS,PASS_STABLE,11313.000,902.256,12.538570,4,-1,1,0
v3,c880,c880_trojan79,PASS,PASS,PASS_STABLE,5624.000,734.071,7.661384,6,-1,1,0
v3,c880,c880_trojan8,CEC_FAIL,PASS,GAIN,10823.500,773.198,,23,-1,6,0
v3,c880,c880_trojan80,CEC_FAIL,PASS,GAIN,3695.280,359.169,,5,-1,0,0
v3,c880,c880_trojan81,PASS,PASS,PASS_STABLE,14589.800,824.146,17.702931,4,-1,2,0
v3,c880,c880_trojan82,PASS,PASS,PASS_STABLE,5490.650,1270.800,4.320625,5,-1,3,0
v3,c880,c880_trojan83,PASS,PASS,PASS_STABLE,7062.670,1383.350,5.105483,7,-1,7,0
v3,c880,c880_trojan84,PASS,PASS,PASS_STABLE,3246.830,320.370,10.134626,6,-1,4,0
v3,c880,c880_trojan85,PASS,PASS,PASS_STABLE,13975.400,2012.160,6.945472,7,-1,6,0
v3,c880,c880_trojan86,PASS,PASS,PASS_STABLE,9926.790,2010.330,4.937891,7,-1,4,0
v3,c880,c880_trojan87,PASS,PASS,PASS_STABLE,4674.310,1570.990,2.975391,3,-1,1,0
v3,c880,c880_trojan88,CEC_FAIL,PASS,GAIN,4692.630,368.422,,10,-1,7,0
v3,c880,c880_trojan89,PASS,PASS,PASS_STABLE,5780.770,846.292,6.830704,6,-1,1,0
v3,c880,c880_trojan9,PASS,PASS,PASS_STABLE,5554.330,1430.470,3.882871,8,-1,1,0
v3,c880,c880_trojan90,PASS,PASS,PASS_STABLE,12014.800,1431.870,8.390985,5,-1,8,0
v3,c880,c880_trojan91,CEC_FAIL,PASS,GAIN,5037.670,460.686,,4,-1,1,0
v3,c880,c880_trojan92,PASS,PASS,PASS_STABLE,4650.330,1125.200,4.132892,3,-1,9,0
v3,c880,c880_trojan93,PASS,PASS,PASS_STABLE,3967.350,1199.010,3.308855,3,-1,1,0
v3,c880,c880_trojan94,PASS,PASS,PASS_STABLE,3473.910,529.793,6.557108,7,-1,2,0
v3,c880,c880_trojan95,PASS,PASS,PASS_STABLE,7558.240,2459.940,3.072530,7,-1,4,0
v3,c880,c880_trojan96,PASS,PASS,PASS_STABLE,5859.090,780.259,7.509160,7,-1,1,0
v3,c880,c880_trojan97,PASS,PASS,PASS_STABLE,3614.400,1099.070,3.288599,4,-1,8,0
v3,c880,c880_trojan98,CEC_FAIL,PASS,GAIN,3649.520,332.721,,7,-1,1,0
v3,c880,c880_trojan99,PASS,PASS,PASS_STABLE,6182.530,583.908,10.588192,4,-1,1,0
v4,aes,aes_trojan1,TIMEOUT,PASS,GAIN,,89088.400,,,-1,,-8
v4,c2670,c2670_trojan0,PASS,PASS,PASS_STABLE,795.093,599.998,1.325159,-1,-1,0,0
v4,c2670,c2670_trojan1,PASS,PASS,PASS_STABLE,596.116,439.352,1.356807,-1,-1,0,0
v4,c2670,c2670_trojan10,PASS,PASS,PASS_STABLE,1424.150,1189.020,1.197751,-1,-1,0,0
v4,c2670,c2670_trojan11,PASS,PASS,PASS_STABLE,755.727,594.275,1.271679,-1,-1,-14,-14
v4,c2670,c2670_trojan12,PASS,PASS,PASS_STABLE,1067.920,638.083,1.673638,-1,-1,0,0
v4,c2670,c2670_trojan13,PASS,PASS,PASS_STABLE,521.894,380.757,1.370675,-1,-1,0,0
v4,c2670,c2670_trojan14,PASS,PASS,PASS_STABLE,798.624,481.736,1.657804,-1,-1,0,0
v4,c2670,c2670_trojan15,PASS,PASS,PASS_STABLE,1101.060,827.012,1.331371,-1,-1,0,0
v4,c2670,c2670_trojan16,PASS,PASS,PASS_STABLE,966.697,843.667,1.145828,-1,-1,0,0
v4,c2670,c2670_trojan17,PASS,PASS,PASS_STABLE,656.071,515.891,1.271724,-1,-1,0,0
v4,c2670,c2670_trojan18,PASS,PASS,PASS_STABLE,862.559,566.610,1.522315,-1,-1,0,0
v4,c2670,c2670_trojan19,PASS,PASS,PASS_STABLE,677.966,510.685,1.327562,-1,-1,-8,-8
v4,c2670,c2670_trojan2,PASS,PASS,PASS_STABLE,748.883,546.525,1.370263,-1,-1,0,0
v4,c2670,c2670_trojan20,PASS,PASS,PASS_STABLE,562.029,365.975,1.535703,-1,-1,-13,-13
v4,c2670,c2670_trojan21,PASS,PASS,PASS_STABLE,605.296,423.802,1.428252,-1,-1,-13,-13
v4,c2670,c2670_trojan22,PASS,PASS,PASS_STABLE,603.707,433.748,1.391838,-1,-1,0,0
v4,c2670,c2670_trojan23,PASS,PASS,PASS_STABLE,862.124,617.001,1.397281,-1,-1,-12,-12
v4,c2670,c2670_trojan24,PASS,PASS,PASS_STABLE,2322.570,949.350,2.446484,-1,-1,0,0
v4,c2670,c2670_trojan25,PASS,PASS,PASS_STABLE,1103.120,748.691,1.473398,-1,-1,-12,-12
v4,c2670,c2670_trojan26,PASS,PASS,PASS_STABLE,556.471,422.941,1.315718,-1,-1,-11,-11
v4,c2670,c2670_trojan27,PASS,PASS,PASS_STABLE,644.834,485.670,1.327720,-1,-1,0,0
v4,c2670,c2670_trojan28,PASS,PASS,PASS_STABLE,1658.540,1027.020,1.614905,-1,-1,0,0
v4,c2670,c2670_trojan29,PASS,PASS,PASS_STABLE,597.896,451.136,1.325312,-1,-1,0,0
v4,c2670,c2670_trojan3,PASS,PASS,PASS_STABLE,1298.370,980.530,1.324151,-1,-1,0,0
v4,c2670,c2670_trojan30,PASS,PASS,PASS_STABLE,613.897,461.031,1.331574,-1,-1,0,0
v4,c2670,c2670_trojan31,PASS,PASS,PASS_STABLE,1121.760,540.226,2.076464,-1,-1,-11,-11
v4,c2670,c2670_trojan32,PASS,PASS,PASS_STABLE,668.345,417.882,1.599363,-1,-1,0,0
v4,c2670,c2670_trojan33,PASS,PASS,PASS_STABLE,584.041,371.132,1.573675,-1,-1,0,0
v4,c2670,c2670_trojan34,PASS,PASS,PASS_STABLE,733.508,527.068,1.391676,-1,-1,0,0
v4,c2670,c2670_trojan35,PASS,PASS,PASS_STABLE,634.831,454.699,1.396157,-1,-1,0,0
v4,c2670,c2670_trojan36,PASS,PASS,PASS_STABLE,866.383,440.980,1.964676,-1,-1,-12,-12
v4,c2670,c2670_trojan37,PASS,PASS,PASS_STABLE,635.787,424.623,1.497298,-1,-1,-14,-14
v4,c2670,c2670_trojan38,PASS,PASS,PASS_STABLE,565.137,438.936,1.287516,-1,-1,0,0
v4,c2670,c2670_trojan39,PASS,PASS,PASS_STABLE,589.505,383.802,1.535961,-1,-1,-11,-11
v4,c2670,c2670_trojan4,PASS,PASS,PASS_STABLE,595.754,401.985,1.482030,-1,-1,0,0
v4,c2670,c2670_trojan40,PASS,PASS,PASS_STABLE,943.982,586.519,1.609465,-1,-1,-13,-13
v4,c2670,c2670_trojan41,PASS,PASS,PASS_STABLE,1185.190,926.175,1.279661,-1,-1,-13,-13
v4,c2670,c2670_trojan42,PASS,PASS,PASS_STABLE,1243.680,574.864,2.163433,-1,-1,-9,-9
v4,c2670,c2670_trojan43,PASS,PASS,PASS_STABLE,2402.230,1879.610,1.278047,-1,-1,-9,-9
v4,c2670,c2670_trojan44,PASS,PASS,PASS_STABLE,485.205,414.119,1.171656,-1,-1,0,0
v4,c2670,c2670_trojan45,PASS,PASS,PASS_STABLE,537.492,466.507,1.152163,-1,-1,0,0
v4,c2670,c2670_trojan46,PASS,PASS,PASS_STABLE,1640.140,1033.090,1.587606,-1,-1,-11,-11
v4,c2670,c2670_trojan47,PASS,PASS,PASS_STABLE,787.708,614.101,1.282701,-1,-1,0,0
v4,c2670,c2670_trojan48,PASS,PASS,PASS_STABLE,1276.540,991.991,1.286846,-1,-1,-12,-12
v4,c2670,c2670_trojan49,PASS,PASS,PASS_STABLE,657.948,468.107,1.405550,-1,-1,-13,-13
v4,c2670,c2670_trojan5,PASS,PASS,PASS_STABLE,619.095,445.251,1.390440,-1,-1,0,0
v4,c2670,c2670_trojan50,PASS,PASS,PASS_STABLE,646.280,376.374,1.717122,-1,-1,-3,-3
v4,c2670,c2670_trojan51,PASS,PASS,PASS_STABLE,1015.020,653.198,1.553924,-1,-1,-3,-3
v4,c2670,c2670_trojan52,PASS,PASS,PASS_STABLE,978.098,581.914,1.680829,-1,-1,0,0
v4,c2670,c2670_trojan53,PASS,PASS,PASS_STABLE,2876.590,1592.000,1.806903,-1,-1,-5,-5
v4,c2670,c2670_trojan54,PASS,PASS,PASS_STABLE,684.855,504.983,1.356194,-1,-1,0,0
v4,c2670,c2670_trojan55,PASS,PASS,PASS_STABLE,622.257,448.131,1.388560,-1,-1,0,0
v4,c2670,c2670_trojan56,PASS,PASS,PASS_STABLE,723.855,501.562,1.443201,-1,-1,-5,-5
v4,c2670,c2670_trojan57,PASS,PASS,PASS_STABLE,817.155,569.241,1.435517,-1,-1,-2,-2
v4,c2670,c2670_trojan58,PASS,PASS,PASS_STABLE,865.162,608.125,1.422671,-1,-1,0,0
v4,c2670,c2670_trojan59,PASS,PASS,PASS_STABLE,538.687,389.082,1.384508,-1,-1,-6,-6
v4,c2670,c2670_trojan6,PASS,PASS,PASS_STABLE,970.319,536.196,1.809635,-1,-1,0,0
v4,c2670,c2670_trojan60,PASS,PASS,PASS_STABLE,2167.990,941.192,2.303451,-1,-1,0,0
v4,c2670,c2670_trojan61,PASS,PASS,PASS_STABLE,859.000,499.262,1.720540,-1,-1,-2,-2
v4,c2670,c2670_trojan62,PASS,PASS,PASS_STABLE,927.496,704.751,1.316062,-1,-1,-3,-3
v4,c2670,c2670_trojan63,PASS,PASS,PASS_STABLE,552.715,384.395,1.437883,-1,-1,-5,-5
v4,c2670,c2670_trojan64,PASS,PASS,PASS_STABLE,1236.360,780.080,1.584914,-1,-1,-7,-7
v4,c2670,c2670_trojan65,PASS,PASS,PASS_STABLE,1046.270,798.433,1.310404,-1,-1,-2,-2
v4,c2670,c2670_trojan66,PASS,PASS,PASS_STABLE,932.943,655.810,1.422581,-1,-1,-3,-3
v4,c2670,c2670_trojan67,PASS,PASS,PASS_STABLE,622.679,558.537,1.114839,-1,-1,0,0
v4,c2670,c2670_trojan68,PASS,PASS,PASS_STABLE,621.545,405.600,1.532409,-1,-1,-3,-3
v4,c2670,c2670_trojan69,PASS,PASS,PASS_STABLE,707.723,523.713,1.351357,-1,-1,0,0
v4,c2670,c2670_trojan7,PASS,PASS,PASS_STABLE,701.561,530.244,1.323091,-1,-1,-12,-12
v4,c2670,c2670_trojan70,PASS,PASS,PASS_STABLE,532.952,380.596,1.400309,-1,-1,-2,-2
v4,c2670,c2670_trojan71,PASS,PASS,PASS_STABLE,2141.220,895.187,2.391925,-1,-1,-2,-2
v4,c2670,c2670_trojan72,PASS,PASS,PASS_STABLE,476.821,383.598,1.243023,-1,-1,-3,-3
v4,c2670,c2670_trojan73,PASS,PASS,PASS_STABLE,845.710,569.923,1.483902,-1,-1,-2,-2
v4,c2670,c2670_trojan74,PASS,PASS,PASS_STABLE,1049.120,654.132,1.603835,-1,-1,0,0
v4,c2670,c2670_trojan75,PASS,PASS,PASS_STABLE,3600.630,2646.350,1.360602,-1,-1,-5,-5
v4,c2670,c2670_trojan76,PASS,PASS,PASS_STABLE,498.435,413.319,1.205933,-1,-1,-2,-2
v4,c2670,c2670_trojan77,PASS,PASS,PASS_STABLE,747.495,451.455,1.655746,-1,-1,0,0
v4,c2670,c2670_trojan78,PASS,PASS,PASS_STABLE,2711.600,1553.950,1.744972,-1,-1,-5,-5
v4,c2670,c2670_trojan79,PASS,PASS,PASS_STABLE,1364.410,925.730,1.473875,-1,-1,0,0
v4,c2670,c2670_trojan8,PASS,PASS,PASS_STABLE,811.813,558.679,1.453094,-1,-1,-13,-13
v4,c2670,c2670_trojan80,PASS,PASS,PASS_STABLE,1345.230,909.300,1.479413,-1,-1,-3,-3
v4,c2670,c2670_trojan81,PASS,PASS,PASS_STABLE,2735.610,1662.270,1.645707,-1,-1,-2,-2
v4,c2670,c2670_trojan82,PASS,PASS,PASS_STABLE,600.996,407.472,1.474938,-1,-1,0,0
v4,c2670,c2670_trojan83,PASS,PASS,PASS_STABLE,1413.430,864.160,1.635611,-1,-1,0,0
v4,c2670,c2670_trojan84,PASS,PASS,PASS_STABLE,977.909,526.760,1.856460,-1,-1,0,0
v4,c2670,c2670_trojan85,PASS,PASS,PASS_STABLE,671.718,504.303,1.331973,-1,-1,0,0
v4,c2670,c2670_trojan86,PASS,PASS,PASS_STABLE,866.521,633.198,1.368483,-1,-1,0,0
v4,c2670,c2670_trojan87,PASS,PASS,PASS_STABLE,671.776,500.971,1.340948,-1,-1,-2,-2
v4,c2670,c2670_trojan88,PASS,PASS,PASS_STABLE,626.109,554.310,1.129529,-1,-1,0,0
v4,c2670,c2670_trojan89,PASS,PASS,PASS_STABLE,638.570,490.278,1.302465,-1,-1,-1,-1
v4,c2670,c2670_trojan9,PASS,PASS,PASS_STABLE,453.078,444.369,1.019599,-1,-1,-12,-12
v4,c2670,c2670_trojan90,PASS,PASS,PASS_STABLE,842.034,604.038,1.394008,-1,-1,0,0
v4,c2670,c2670_trojan91,PASS,PASS,PASS_STABLE,1947.670,1157.360,1.682856,-1,-1,-7,-7
v4,c2670,c2670_trojan92,PASS,PASS,PASS_STABLE,1092.540,756.135,1.444901,-1,-1,-7,-7
v4,c2670,c2670_trojan93,PASS,PASS,PASS_STABLE,786.476,520.263,1.511689,-1,-1,0,0
v4,c2670,c2670_trojan94,PASS,PASS,PASS_STABLE,1225.410,616.392,1.988037,-1,-1,-4,-4
v4,c2670,c2670_trojan95,PASS,PASS,PASS_STABLE,639.393,466.327,1.371126,-1,-1,0,0
v4,c2670,c2670_trojan96,PASS,PASS,PASS_STABLE,2292.640,1167.360,1.963953,-1,-1,-7,-7
v4,c2670,c2670_trojan97,PASS,PASS,PASS_STABLE,953.977,589.055,1.619504,-1,-1,-7,-7
v4,c2670,c2670_trojan98,PASS,PASS,PASS_STABLE,1288.430,867.512,1.485201,-1,-1,0,0
v4,c2670,c2670_trojan99,PASS,PASS,PASS_STABLE,1105.650,730.854,1.512819,-1,-1,-2,-2
v4,c3540,c3540_trojan0,PASS,PASS,PASS_STABLE,16274.200,5314.320,3.062330,2,-1,0,0
v4,c3540,c3540_trojan1,PASS,PASS,PASS_STABLE,4372.110,2670.300,1.637310,-1,-1,0,0
v4,c3540,c3540_trojan10,PASS,PASS,PASS_STABLE,12044.800,2906.690,4.143820,2,-1,1,0
v4,c3540,c3540_trojan11,PASS,PASS,PASS_STABLE,78856.400,5804.980,13.584267,-1,-1,0,0
v4,c3540,c3540_trojan12,PASS,PASS,PASS_STABLE,8168.340,1074.490,7.602062,2,-1,1,0
v4,c3540,c3540_trojan13,PASS,PASS,PASS_STABLE,6857.960,898.147,7.635677,2,-1,0,0
v4,c3540,c3540_trojan14,PASS,PASS,PASS_STABLE,13402.600,1910.110,7.016664,-1,-1,0,0
v4,c3540,c3540_trojan15,PASS,PASS,PASS_STABLE,16955.800,1844.200,9.194122,-1,-1,0,0
v4,c3540,c3540_trojan16,PASS,PASS,PASS_STABLE,11894.200,749.660,15.866126,2,-1,1,-6
v4,c3540,c3540_trojan17,PASS,PASS,PASS_STABLE,61813.600,4998.360,12.366776,2,-1,0,0
v4,c3540,c3540_trojan18,PASS,PASS,PASS_STABLE,13318.100,4147.700,3.210960,-1,-1,0,0
v4,c3540,c3540_trojan19,PASS,PASS,PASS_STABLE,841.674,710.950,1.183872,-1,-1,0,0
v4,c3540,c3540_trojan2,PASS,PASS,PASS_STABLE,9669.050,7618.000,1.269237,-1,-1,0,0
v4,c3540,c3540_trojan20,PASS,PASS,PASS_STABLE,3707.250,2218.840,1.670805,-1,-1,0,0
v4,c3540,c3540_trojan21,PASS,PASS,PASS_STABLE,3972.110,3590.380,1.106320,-1,-1,0,0
v4,c3540,c3540_trojan22,PASS,PASS,PASS_STABLE,5676.370,8435.320,0.672929,-1,-1,-4,-4
v4,c3540,c3540_trojan23,PASS,PASS,PASS_STABLE,3708.330,3537.440,1.048309,-1,-1,0,0
v4,c3540,c3540_trojan24,PASS,PASS,PASS_STABLE,5671.330,3575.600,1.586120,-1,-1,0,0
v4,c3540,c3540_trojan25,PASS,PASS,PASS_STABLE,616.067,505.760,1.218101,-1,-1,-4,-4
v4,c3540,c3540_trojan26,PASS,PASS,PASS_STABLE,2642.380,748.309,3.531135,2,-1,0,0
v4,c3540,c3540_trojan27,PASS,PASS,PASS_STABLE,2611.780,1209.540,2.159317,-1,-1,0,0
v4,c3540,c3540_trojan28,PASS,PASS,PASS_STABLE,11662.900,2094.180,5.569197,2,-1,0,0
v4,c3540,c3540_trojan29,PASS,PASS,PASS_STABLE,1435.450,640.050,2.242715,-1,-1,0,0
v4,c3540,c3540_trojan3,PASS,PASS,PASS_STABLE,3151.940,2021.960,1.558854,-1,-1,-6,-6
v4,c3540,c3540_trojan30,PASS,PASS,PASS_STABLE,3397.110,1743.960,1.947929,-1,-1,0,0
v4,c3540,c3540_trojan31,PASS,PASS,PASS_STABLE,10519.400,2893.010,3.636144,2,-1,1,0
v4,c3540,c3540_trojan32,PASS,PASS,PASS_STABLE,3157.590,1813.490,1.741168,-1,-1,0,0
v4,c3540,c3540_trojan33,PASS,PASS,PASS_STABLE,2969.100,867.308,3.423351,2,-1,0,0
v4,c3540,c3540_trojan34,PASS,PASS,PASS_STABLE,869.561,571.236,1.522245,-1,-1,0,0
v4,c3540,c3540_trojan35,PASS,PASS,PASS_STABLE,17153.000,4708.760,3.642785,2,-1,0,0
v4,c3540,c3540_trojan36,PASS,PASS,PASS_STABLE,11635.600,6741.450,1.725979,-1,-1,0,0
v4,c3540,c3540_trojan37,PASS,PASS,PASS_STABLE,2386.490,1620.970,1.472260,-1,-1,0,0
v4,c3540,c3540_trojan38,PASS,PASS,PASS_STABLE,2776.390,669.197,4.148838,2,-1,0,0
v4,c3540,c3540_trojan39,PASS,PASS,PASS_STABLE,6916.120,1862.150,3.714051,2,-1,1,0
v4,c3540,c3540_trojan4,PASS,PASS,PASS_STABLE,6837.490,2793.260,2.447853,-1,-1,0,0
v4,c3540,c3540_trojan40,PASS,PASS,PASS_STABLE,11661.900,10860.000,1.073840,-1,-1,0,0
v4,c3540,c3540_trojan41,PASS,PASS,PASS_STABLE,1759.740,969.020,1.816000,3,3,1,1
v4,c3540,c3540_trojan42,PASS,PASS,PASS_STABLE,6980.190,5087.490,1.372030,2,2,1,1
v4,c3540,c3540_trojan43,PASS,PASS,PASS_STABLE,9045.560,2750.240,3.289008,2,-1,1,0
v4,c3540,c3540_trojan44,PASS,PASS,PASS_STABLE,1650.480,497.839,3.315289,2,-1,0,0
v4,c3540,c3540_trojan45,PASS,PASS,PASS_STABLE,11074.100,5068.870,2.184728,2,-1,1,0
v4,c3540,c3540_trojan46,PASS,PASS,PASS_STABLE,2771.820,1712.850,1.618250,2,2,0,0
v4,c3540,c3540_trojan47,PASS,PASS,PASS_STABLE,10512.600,3233.030,3.251625,2,-1,0,0
v4,c3540,c3540_trojan48,PASS,PASS,PASS_STABLE,3427.970,2814.300,1.218054,2,-1,1,0
v4,c3540,c3540_trojan49,PASS,PASS,PASS_STABLE,1588.600,997.199,1.593062,-1,-1,0,0
v4,c3540,c3540_trojan5,PASS,PASS,PASS_STABLE,9854.860,6102.170,1.614976,-1,-1,0,0
v4,c3540,c3540_trojan50,PASS,PASS,PASS_STABLE,14461.600,3703.280,3.905079,3,-1,0,0
v4,c3540,c3540_trojan51,PASS,PASS,PASS_STABLE,8443.700,3225.790,2.617560,-1,-1,0,0
v4,c3540,c3540_trojan52,PASS,PASS,PASS_STABLE,17734.600,12616.300,1.405689,-1,-1,0,0
v4,c3540,c3540_trojan53,PASS,PASS,PASS_STABLE,10313.000,2529.870,4.076494,-1,-1,0,0
v4,c3540,c3540_trojan54,PASS,PASS,PASS_STABLE,7648.500,4841.080,1.579916,-1,-1,0,0
v4,c3540,c3540_trojan55,PASS,PASS,PASS_STABLE,9126.500,7701.040,1.185100,-1,-1,0,0
v4,c3540,c3540_trojan56,PASS,PASS,PASS_STABLE,916.291,627.845,1.459422,-1,-1,0,0
v4,c3540,c3540_trojan57,PASS,PASS,PASS_STABLE,2579.690,1221.110,2.112578,-1,-1,0,0
v4,c3540,c3540_trojan58,PASS,PASS,PASS_STABLE,3017.260,1917.910,1.573202,-1,-1,0,0
v4,c3540,c3540_trojan59,PASS,PASS,PASS_STABLE,3467.740,2640.940,1.313070,-1,-1,0,0
v4,c3540,c3540_trojan6,PASS,PASS,PASS_STABLE,1535.290,542.608,2.829464,2,-1,1,0
v4,c3540,c3540_trojan60,PASS,PASS,PASS_STABLE,5475.520,3842.370,1.425037,-1,-1,0,0
v4,c3540,c3540_trojan61,PASS,PASS,PASS_STABLE,16293.100,12277.100,1.327113,-1,-1,0,0
v4,c3540,c3540_trojan62,PASS,PASS,PASS_STABLE,1396.240,938.161,1.488273,-1,-1,0,0
v4,c3540,c3540_trojan63,PASS,PASS,PASS_STABLE,3262.590,1756.070,1.857893,-1,-1,0,0
v4,c3540,c3540_trojan64,PASS,PASS,PASS_STABLE,3764.310,1901.650,1.979497,-1,-1,0,0
v4,c3540,c3540_trojan65,PASS,PASS,PASS_STABLE,7414.280,4377.600,1.693686,-1,-1,0,0
v4,c3540,c3540_trojan66,PASS,PASS,PASS_STABLE,23090.400,7136.170,3.235685,3,-1,0,0
v4,c3540,c3540_trojan67,PASS,PASS,PASS_STABLE,25757.400,6888.120,3.739395,-1,-1,0,0
v4,c3540,c3540_trojan68,PASS,PASS,PASS_STABLE,23780.100,6789.430,3.502518,-1,-1,0,0
v4,c3540,c3540_trojan69,PASS,PASS,PASS_STABLE,2067.490,1027.380,2.012391,-1,-1,0,0
v4,c3540,c3540_trojan7,PASS,PASS,PASS_STABLE,2293.360,1198.780,1.913078,-1,-1,0,0
v4,c3540,c3540_trojan70,PASS,PASS,PASS_STABLE,11885.300,2647.800,4.488745,2,-1,0,0
v4,c3540,c3540_trojan71,PASS,PASS,PASS_STABLE,3164.980,1647.280,1.921337,-1,-1,0,0
v4,c3540,c3540_trojan72,PASS,PASS,PASS_STABLE,5112.720,2028.440,2.520518,-1,-1,0,0
v4,c3540,c3540_trojan73,PASS,PASS,PASS_STABLE,5477.880,2152.180,2.545270,-1,-1,0,0
v4,c3540,c3540_trojan74,PASS,PASS,PASS_STABLE,9030.790,3448.640,2.618653,-1,-1,0,0
v4,c3540,c3540_trojan75,PASS,PASS,PASS_STABLE,659.605,507.749,1.299077,-1,-1,0,0
v4,c3540,c3540_trojan76,PASS,PASS,PASS_STABLE,1129.140,848.272,1.331106,-1,-1,0,0
v4,c3540,c3540_trojan77,PASS,PASS,PASS_STABLE,3535.270,1369.900,2.580677,-1,-1,0,0
v4,c3540,c3540_trojan78,PASS,PASS,PASS_STABLE,2064.130,741.692,2.783002,3,-1,0,0
v4,c3540,c3540_trojan79,PASS,PASS,PASS_STABLE,3588.470,1697.360,2.114148,-1,-1,0,0
v4,c3540,c3540_trojan8,PASS,PASS,PASS_STABLE,3005.930,1689.680,1.778994,-1,-1,0,0
v4,c3540,c3540_trojan80,PASS,PASS,PASS_STABLE,5230.270,1990.030,2.628237,-1,-1,0,0
v4,c3540,c3540_trojan81,PASS,PASS,PASS_STABLE,37688.800,7666.080,4.916307,3,-1,0,0
v4,c3540,c3540_trojan82,PASS,PASS,PASS_STABLE,6362.110,2401.280,2.649466,-1,-1,0,0
v4,c3540,c3540_trojan83,PASS,PASS,PASS_STABLE,3025.400,974.777,3.103684,3,-1,0,0
v4,c3540,c3540_trojan84,PASS,PASS,PASS_STABLE,8536.760,3256.390,2.621541,2,-1,0,0
v4,c3540,c3540_trojan85,PASS,PASS,PASS_STABLE,1345.820,559.889,2.403726,3,-1,0,0
v4,c3540,c3540_trojan86,PASS,PASS,PASS_STABLE,26953.000,10820.200,2.490989,-1,-1,0,0
v4,c3540,c3540_trojan87,PASS,PASS,PASS_STABLE,678.339,509.601,1.331118,-1,-1,0,0
v4,c3540,c3540_trojan88,PASS,PASS,PASS_STABLE,5703.920,1802.330,3.164748,3,-1,0,0
v4,c3540,c3540_trojan89,PASS,PASS,PASS_STABLE,3504.270,2092.090,1.675009,-1,-1,0,0
v4,c3540,c3540_trojan9,PASS,PASS,PASS_STABLE,5501.800,1964.330,2.800853,-1,-1,0,0
v4,c3540,c3540_trojan90,PASS,PASS,PASS_STABLE,34615.000,12768.000,2.711075,-1,-1,0,0
v4,c3540,c3540_trojan91,PASS,PASS,PASS_STABLE,1831.010,777.486,2.355039,3,-1,0,0
v4,c3540,c3540_trojan92,PASS,PASS,PASS_STABLE,11216.800,4473.900,2.507164,1,1,0,0
v4,c3540,c3540_trojan93,PASS,PASS,PASS_STABLE,7001.700,2391.710,2.927487,-1,-1,0,0
v4,c3540,c3540_trojan94,PASS,PASS,PASS_STABLE,868.782,917.288,0.947120,-1,-1,0,0
v4,c3540,c3540_trojan95,PASS,PASS,PASS_STABLE,9920.130,4077.630,2.432818,-1,-1,0,0
v4,c3540,c3540_trojan96,PASS,PASS,PASS_STABLE,1637.530,1223.040,1.338901,1,1,0,0
v4,c3540,c3540_trojan97,PASS,PASS,PASS_STABLE,16715.800,4817.370,3.469902,3,-1,0,0
v4,c3540,c3540_trojan98,PASS,PASS,PASS_STABLE,2752.070,1556.950,1.767603,-1,-1,0,0
v4,c3540,c3540_trojan99,PASS,PASS,PASS_STABLE,3626.310,1927.320,1.881530,-1,-1,0,0
v4,c5315,c5315_trojan0,TIMEOUT,PASS,GAIN,,48765.200,,895,-1,24,0
v4,c5315,c5315_trojan1,PASS,PASS,PASS_STABLE,102619.000,27763.500,3.696184,4,-1,0,0
v4,c5315,c5315_trojan10,PASS,PASS,PASS_STABLE,73150.500,25285.000,2.893039,7,-1,0,0
v4,c5315,c5315_trojan11,PASS,PASS,PASS_STABLE,23700.300,29037.200,0.816205,7,-1,0,0
v4,c5315,c5315_trojan12,PASS,PASS,PASS_STABLE,47863.600,29334.800,1.631632,8,-1,1,-4
v4,c5315,c5315_trojan13,PASS,PASS,PASS_STABLE,22848.300,7101.840,3.217237,7,-1,0,0
v4,c5315,c5315_trojan14,TIMEOUT,PASS,GAIN,,24416.600,,12,-1,0,0
v4,c5315,c5315_trojan15,PASS,PASS,PASS_STABLE,18987.700,4759.110,3.989759,4,-1,0,0
v4,c5315,c5315_trojan16,FAIL,PASS,GAIN,212906.000,196173.000,,,-1,,0
v4,c5315,c5315_trojan17,PASS,PASS,PASS_STABLE,2002.620,811.901,2.466582,4,-1,0,0
v4,c5315,c5315_trojan18,TIMEOUT,PASS,GAIN,,127893.000,,580,-1,18,0
v4,c5315,c5315_trojan19,PASS,PASS,PASS_STABLE,30452.300,9717.490,3.133762,7,-1,0,0
v4,c5315,c5315_trojan2,TIMEOUT,PASS,GAIN,,44682.000,,971,-1,31,0
v4,c5315,c5315_trojan20,TIMEOUT,PASS,GAIN,,264624.000,,,-1,,0
v4,c5315,c5315_trojan21,TIMEOUT,TIMEOUT,FAIL_STABLE,,,,,,,
v4,c5315,c5315_trojan22,PASS,PASS,PASS_STABLE,36941.800,12790.400,2.888244,7,-1,0,0
v4,c5315,c5315_trojan23,TIMEOUT,PASS,GAIN,,225319.000,,1150,-1,33,0
v4,c5315,c5315_trojan24,TIMEOUT,PASS,GAIN,,57441.800,,,-1,,0
v4,c5315,c5315_trojan25,PASS,PASS,PASS_STABLE,26291.300,5907.930,4.450171,10,-1,0,0
v4,c5315,c5315_trojan26,PASS,PASS,PASS_STABLE,1987.490,670.512,2.964138,7,-1,0,0
v4,c5315,c5315_trojan27,PASS,PASS,PASS_STABLE,57706.800,16900.100,3.414583,8,-1,0,0
v4,c5315,c5315_trojan28,PASS,PASS,PASS_STABLE,3221.660,1045.930,3.080187,7,-1,0,0
v4,c5315,c5315_trojan29,PASS,PASS,PASS_STABLE,44852.800,15185.800,2.953601,15,-1,0,0
v4,c5315,c5315_trojan3,PASS,PASS,PASS_STABLE,15192.600,3737.730,4.064660,8,-1,0,0
v4,c5315,c5315_trojan30,PASS,PASS,PASS_STABLE,33748.900,7318.690,4.611331,4,-1,0,0
v4,c5315,c5315_trojan31,TIMEOUT,TIMEOUT,FAIL_STABLE,,,,,,,
v4,c5315,c5315_trojan32,PASS,PASS,PASS_STABLE,24918.300,5883.440,4.235328,10,-1,0,0
v4,c5315,c5315_trojan33,CEC_FAIL,PASS,GAIN,160396.000,11214.500,,13,-1,0,0
v4,c5315,c5315_trojan34,PASS,PASS,PASS_STABLE,2396.850,1642.220,1.459518,6,6,0,0
v4,c5315,c5315_trojan35,PASS,PASS,PASS_STABLE,28477.700,9406.890,3.027324,7,-1,0,0
v4,c5315,c5315_trojan36,PASS,PASS,PASS_STABLE,23868.400,5850.320,4.079845,4,-1,1,-11
v4,c5315,c5315_trojan37,TIMEOUT,PASS,GAIN,,162656.000,,801,-1,18,0
v4,c5315,c5315_trojan38,TIMEOUT,TIMEOUT,FAIL_STABLE,,,,,,,
v4,c5315,c5315_trojan39,PASS,PASS,PASS_STABLE,71744.000,10196.600,7.036071,6,-1,0,0
v4,c5315,c5315_trojan4,PASS,PASS,PASS_STABLE,45936.900,16452.100,2.792160,-1,-1,0,0
v4,c5315,c5315_trojan40,TIMEOUT,PASS,GAIN,,138188.000,,498,-1,31,0
v4,c5315,c5315_trojan41,PASS,PASS,PASS_STABLE,42382.400,11295.500,3.752149,10,-1,0,-9
v4,c5315,c5315_trojan42,PASS,PASS,PASS_STABLE,1470.760,555.546,2.647414,4,-1,0,0
v4,c5315,c5315_trojan43,TIMEOUT,PASS,GAIN,,283064.000,,,-1,,0
v4,c5315,c5315_trojan44,PASS,PASS,PASS_STABLE,39830.100,11641.300,3.421448,7,-1,1,-11
v4,c5315,c5315_trojan45,PASS,PASS,PASS_STABLE,2662.630,773.710,3.441380,6,-1,14,0
v4,c5315,c5315_trojan46,PASS,PASS,PASS_STABLE,13956.000,3506.270,3.980298,7,-1,0,0
v4,c5315,c5315_trojan47,PASS,PASS,PASS_STABLE,23493.300,7166.590,3.278170,7,-1,0,0
v4,c5315,c5315_trojan48,OOM_KILLED,TIMEOUT,FAIL_STABLE,,,,,,,
v4,c5315,c5315_trojan49,PASS,PASS,PASS_STABLE,7008.960,23763.600,0.294945,-1,-1,0,0
v5,aes,aes_trojan1,PASS,PASS,PASS_STABLE,137644.000,89088.400,1.545027,-1,-1,-8,-8
v5,c2670,c2670_trojan0,PASS,PASS,PASS_STABLE,767.998,599.998,1.280001,-1,-1,0,0
v5,c2670,c2670_trojan1,PASS,PASS,PASS_STABLE,699.995,439.352,1.593244,-1,-1,0,0
v5,c2670,c2670_trojan10,PASS,PASS,PASS_STABLE,1783.130,1189.020,1.499664,-1,-1,0,0
v5,c2670,c2670_trojan11,PASS,PASS,PASS_STABLE,718.175,594.275,1.208489,-1,-1,-14,-14
v5,c2670,c2670_trojan12,PASS,PASS,PASS_STABLE,1250.800,638.083,1.960247,-1,-1,0,0
v5,c2670,c2670_trojan13,PASS,PASS,PASS_STABLE,620.914,380.757,1.630736,-1,-1,0,0
v5,c2670,c2670_trojan14,PASS,PASS,PASS_STABLE,1179.880,481.736,2.449225,-1,-1,0,0
v5,c2670,c2670_trojan15,PASS,PASS,PASS_STABLE,991.125,827.012,1.198441,-1,-1,0,0
v5,c2670,c2670_trojan16,PASS,PASS,PASS_STABLE,1043.380,843.667,1.236720,-1,-1,0,0
v5,c2670,c2670_trojan17,PASS,PASS,PASS_STABLE,619.148,515.891,1.200153,-1,-1,0,0
v5,c2670,c2670_trojan18,PASS,PASS,PASS_STABLE,865.688,566.610,1.527837,-1,-1,0,0
v5,c2670,c2670_trojan19,PASS,PASS,PASS_STABLE,1094.780,510.685,2.143748,-1,-1,-8,-8
v5,c2670,c2670_trojan2,PASS,PASS,PASS_STABLE,777.209,546.525,1.422092,-1,-1,0,0
v5,c2670,c2670_trojan20,PASS,PASS,PASS_STABLE,558.553,365.975,1.526205,-1,-1,-13,-13
v5,c2670,c2670_trojan21,PASS,PASS,PASS_STABLE,576.486,423.802,1.360272,-1,-1,-13,-13
v5,c2670,c2670_trojan22,PASS,PASS,PASS_STABLE,626.962,433.748,1.445452,-1,-1,0,0
v5,c2670,c2670_trojan23,PASS,PASS,PASS_STABLE,889.754,617.001,1.442062,-1,-1,-12,-12
v5,c2670,c2670_trojan24,PASS,PASS,PASS_STABLE,1413.130,949.350,1.488524,-1,-1,0,0
v5,c2670,c2670_trojan25,PASS,PASS,PASS_STABLE,1593.480,748.691,2.128355,-1,-1,-12,-12
v5,c2670,c2670_trojan26,PASS,PASS,PASS_STABLE,541.017,422.941,1.279178,-1,-1,-11,-11
v5,c2670,c2670_trojan27,PASS,PASS,PASS_STABLE,622.485,485.670,1.281704,-1,-1,0,0
v5,c2670,c2670_trojan28,PASS,PASS,PASS_STABLE,1727.720,1027.020,1.682265,-1,-1,0,0
v5,c2670,c2670_trojan29,PASS,PASS,PASS_STABLE,713.341,451.136,1.581211,-1,-1,0,0
v5,c2670,c2670_trojan3,PASS,PASS,PASS_STABLE,1484.130,980.530,1.513600,-1,-1,0,0
v5,c2670,c2670_trojan30,PASS,PASS,PASS_STABLE,691.689,461.031,1.500309,-1,-1,0,0
v5,c2670,c2670_trojan31,PASS,PASS,PASS_STABLE,842.667,540.226,1.559842,-1,-1,-11,-11
v5,c2670,c2670_trojan32,PASS,PASS,PASS_STABLE,607.179,417.882,1.452992,-1,-1,0,0
v5,c2670,c2670_trojan33,PASS,PASS,PASS_STABLE,528.903,371.132,1.425108,-1,-1,0,0
v5,c2670,c2670_trojan34,PASS,PASS,PASS_STABLE,628.397,527.068,1.192250,-1,-1,0,0
v5,c2670,c2670_trojan35,PASS,PASS,PASS_STABLE,648.251,454.699,1.425671,-1,-1,0,0
v5,c2670,c2670_trojan36,PASS,PASS,PASS_STABLE,993.521,440.980,2.252984,-1,-1,-12,-12
v5,c2670,c2670_trojan37,PASS,PASS,PASS_STABLE,648.767,424.623,1.527866,-1,-1,-14,-14
v5,c2670,c2670_trojan38,PASS,PASS,PASS_STABLE,593.354,438.936,1.351801,-1,-1,0,0
v5,c2670,c2670_trojan39,PASS,PASS,PASS_STABLE,522.251,383.802,1.360730,-1,-1,-11,-11
v5,c2670,c2670_trojan4,PASS,PASS,PASS_STABLE,566.777,401.985,1.409946,-1,-1,0,0
v5,c2670,c2670_trojan40,PASS,PASS,PASS_STABLE,1358.330,586.519,2.315918,-1,-1,-13,-13
v5,c2670,c2670_trojan41,PASS,PASS,PASS_STABLE,1304.830,926.175,1.408837,-1,-1,-13,-13
v5,c2670,c2670_trojan42,PASS,PASS,PASS_STABLE,880.483,574.864,1.531637,-1,-1,-9,-9
v5,c2670,c2670_trojan43,PASS,PASS,PASS_STABLE,2382.230,1879.610,1.267407,-1,-1,-9,-9
v5,c2670,c2670_trojan44,PASS,PASS,PASS_STABLE,570.001,414.119,1.376418,-1,-1,0,0
v5,c2670,c2670_trojan45,PASS,PASS,PASS_STABLE,573.658,466.507,1.229688,-1,-1,0,0
v5,c2670,c2670_trojan46,PASS,PASS,PASS_STABLE,1624.030,1033.090,1.572012,-1,-1,-11,-11
v5,c2670,c2670_trojan47,PASS,PASS,PASS_STABLE,817.699,614.101,1.331538,-1,-1,0,0
v5,c2670,c2670_trojan48,PASS,PASS,PASS_STABLE,1243.330,991.991,1.253368,-1,-1,-12,-12
v5,c2670,c2670_trojan49,PASS,PASS,PASS_STABLE,693.564,468.107,1.481636,-1,-1,-13,-13
v5,c2670,c2670_trojan5,PASS,PASS,PASS_STABLE,577.312,445.251,1.296599,-1,-1,0,0
v5,c2670,c2670_trojan50,PASS,PASS,PASS_STABLE,529.836,376.374,1.407738,-1,-1,-3,-3
v5,c2670,c2670_trojan51,PASS,PASS,PASS_STABLE,934.320,653.198,1.430378,-1,-1,-3,-3
v5,c2670,c2670_trojan52,PASS,PASS,PASS_STABLE,952.244,581.914,1.636400,-1,-1,0,0
v5,c2670,c2670_trojan53,PASS,PASS,PASS_STABLE,2420.190,1592.000,1.520220,-1,-1,-5,-5
v5,c2670,c2670_trojan54,PASS,PASS,PASS_STABLE,654.486,504.983,1.296056,-1,-1,0,0
v5,c2670,c2670_trojan55,PASS,PASS,PASS_STABLE,592.371,448.131,1.321870,-1,-1,0,0
v5,c2670,c2670_trojan56,PASS,PASS,PASS_STABLE,745.943,501.562,1.487240,-1,-1,-5,-5
v5,c2670,c2670_trojan57,PASS,PASS,PASS_STABLE,829.472,569.241,1.457154,-1,-1,-2,-2
v5,c2670,c2670_trojan58,PASS,PASS,PASS_STABLE,1335.060,608.125,2.195371,-1,-1,0,0
v5,c2670,c2670_trojan59,PASS,PASS,PASS_STABLE,535.693,389.082,1.376813,-1,-1,-6,-6
v5,c2670,c2670_trojan6,PASS,PASS,PASS_STABLE,640.642,536.196,1.194791,-1,-1,0,0
v5,c2670,c2670_trojan60,PASS,PASS,PASS_STABLE,1429.460,941.192,1.518776,-1,-1,0,0
v5,c2670,c2670_trojan61,PASS,PASS,PASS_STABLE,689.993,499.262,1.382026,-1,-1,-2,-2
v5,c2670,c2670_trojan62,PASS,PASS,PASS_STABLE,982.154,704.751,1.393618,-1,-1,-3,-3
v5,c2670,c2670_trojan63,PASS,PASS,PASS_STABLE,592.775,384.395,1.542099,-1,-1,-5,-5
v5,c2670,c2670_trojan64,PASS,PASS,PASS_STABLE,1106.980,780.080,1.419060,-1,-1,-7,-7
v5,c2670,c2670_trojan65,PASS,PASS,PASS_STABLE,1091.950,798.433,1.367616,-1,-1,-2,-2
v5,c2670,c2670_trojan66,PASS,PASS,PASS_STABLE,994.458,655.810,1.516381,-1,-1,-3,-3
v5,c2670,c2670_trojan67,PASS,PASS,PASS_STABLE,845.171,558.537,1.513187,-1,-1,0,0
v5,c2670,c2670_trojan68,PASS,PASS,PASS_STABLE,720.025,405.600,1.775210,-1,-1,-3,-3
v5,c2670,c2670_trojan69,PASS,PASS,PASS_STABLE,718.313,523.713,1.371578,-1,-1,0,0
v5,c2670,c2670_trojan7,PASS,PASS,PASS_STABLE,718.678,530.244,1.355372,-1,-1,-12,-12
v5,c2670,c2670_trojan70,PASS,PASS,PASS_STABLE,619.461,380.596,1.627608,-1,-1,-2,-2
v5,c2670,c2670_trojan71,PASS,PASS,PASS_STABLE,2266.950,895.187,2.532376,-1,-1,-2,-2
v5,c2670,c2670_trojan72,PASS,PASS,PASS_STABLE,574.226,383.598,1.496947,-1,-1,-3,-3
v5,c2670,c2670_trojan73,PASS,PASS,PASS_STABLE,938.966,569.923,1.647531,-1,-1,-2,-2
v5,c2670,c2670_trojan74,PASS,PASS,PASS_STABLE,999.032,654.132,1.527264,-1,-1,0,0
v5,c2670,c2670_trojan75,PASS,PASS,PASS_STABLE,3502.280,2646.350,1.323438,-1,-1,-5,-5
v5,c2670,c2670_trojan76,PASS,PASS,PASS_STABLE,517.476,413.319,1.252001,-1,-1,-2,-2
v5,c2670,c2670_trojan77,PASS,PASS,PASS_STABLE,578.843,451.455,1.282172,-1,-1,0,0
v5,c2670,c2670_trojan78,PASS,PASS,PASS_STABLE,2510.050,1553.950,1.615271,-1,-1,-5,-5
v5,c2670,c2670_trojan79,PASS,PASS,PASS_STABLE,1352.110,925.730,1.460588,-1,-1,0,0
v5,c2670,c2670_trojan8,PASS,PASS,PASS_STABLE,827.216,558.679,1.480664,-1,-1,-13,-13
v5,c2670,c2670_trojan80,PASS,PASS,PASS_STABLE,1370.750,909.300,1.507478,-1,-1,-3,-3
v5,c2670,c2670_trojan81,PASS,PASS,PASS_STABLE,2630.070,1662.270,1.582216,-1,-1,-2,-2
v5,c2670,c2670_trojan82,PASS,PASS,PASS_STABLE,618.740,407.472,1.518485,-1,-1,0,0
v5,c2670,c2670_trojan83,PASS,PASS,PASS_STABLE,1372.130,864.160,1.587819,-1,-1,0,0
v5,c2670,c2670_trojan84,PASS,PASS,PASS_STABLE,812.961,526.760,1.543323,-1,-1,0,0
v5,c2670,c2670_trojan85,PASS,PASS,PASS_STABLE,610.946,504.303,1.211466,-1,-1,0,0
v5,c2670,c2670_trojan86,PASS,PASS,PASS_STABLE,1195.470,633.198,1.887988,-1,-1,0,0
v5,c2670,c2670_trojan87,PASS,PASS,PASS_STABLE,844.666,500.971,1.686058,-1,-1,-2,-2
v5,c2670,c2670_trojan88,PASS,PASS,PASS_STABLE,627.258,554.310,1.131601,-1,-1,0,0
v5,c2670,c2670_trojan89,PASS,PASS,PASS_STABLE,662.948,490.278,1.352188,-1,-1,-1,-1
v5,c2670,c2670_trojan9,PASS,PASS,PASS_STABLE,524.206,444.369,1.179664,-1,-1,-12,-12
v5,c2670,c2670_trojan90,PASS,PASS,PASS_STABLE,941.782,604.038,1.559144,-1,-1,0,0
v5,c2670,c2670_trojan91,PASS,PASS,PASS_STABLE,2140.690,1157.360,1.849632,-1,-1,-7,-7
v5,c2670,c2670_trojan92,PASS,PASS,PASS_STABLE,1118.060,756.135,1.478651,-1,-1,-7,-7
v5,c2670,c2670_trojan93,PASS,PASS,PASS_STABLE,790.970,520.263,1.520327,-1,-1,0,0
v5,c2670,c2670_trojan94,PASS,PASS,PASS_STABLE,847.154,616.392,1.374375,-1,-1,-4,-4
v5,c2670,c2670_trojan95,PASS,PASS,PASS_STABLE,668.680,466.327,1.433929,-1,-1,0,0
v5,c2670,c2670_trojan96,PASS,PASS,PASS_STABLE,2528.140,1167.360,2.165690,-1,-1,-7,-7
v5,c2670,c2670_trojan97,PASS,PASS,PASS_STABLE,948.102,589.055,1.609531,-1,-1,-7,-7
v5,c2670,c2670_trojan98,PASS,PASS,PASS_STABLE,1474.070,867.512,1.699193,-1,-1,0,0
v5,c2670,c2670_trojan99,PASS,PASS,PASS_STABLE,1111.510,730.854,1.520837,-1,-1,-2,-2
v5,c3540,c3540_trojan0,PASS,PASS,PASS_STABLE,13221.400,5314.320,2.487882,-1,-1,0,0
v5,c3540,c3540_trojan1,PASS,PASS,PASS_STABLE,3947.580,2670.300,1.478328,-1,-1,0,0
v5,c3540,c3540_trojan10,PASS,PASS,PASS_STABLE,10249.300,2906.690,3.526107,-1,-1,0,0
v5,c3540,c3540_trojan11,PASS,PASS,PASS_STABLE,9339.580,5804.980,1.608891,-1,-1,0,0
v5,c3540,c3540_trojan12,PASS,PASS,PASS_STABLE,3099.420,1074.490,2.884550,-1,-1,0,0
v5,c3540,c3540_trojan13,PASS,PASS,PASS_STABLE,2669.700,898.147,2.972453,-1,-1,0,0
v5,c3540,c3540_trojan14,PASS,PASS,PASS_STABLE,4086.660,1910.110,2.139489,-1,-1,0,0
v5,c3540,c3540_trojan15,PASS,PASS,PASS_STABLE,3112.350,1844.200,1.687642,-1,-1,0,0
v5,c3540,c3540_trojan16,PASS,PASS,PASS_STABLE,2447.930,749.660,3.265387,-1,-1,-6,-6
v5,c3540,c3540_trojan17,PASS,PASS,PASS_STABLE,14900.900,4998.360,2.981158,-1,-1,0,0
v5,c3540,c3540_trojan18,PASS,PASS,PASS_STABLE,6530.050,4147.700,1.574379,-1,-1,0,0
v5,c3540,c3540_trojan19,PASS,PASS,PASS_STABLE,742.643,710.950,1.044578,-1,-1,0,0
v5,c3540,c3540_trojan2,PASS,PASS,PASS_STABLE,8951.190,7618.000,1.175005,-1,-1,0,0
v5,c3540,c3540_trojan20,PASS,PASS,PASS_STABLE,3364.710,2218.840,1.516428,-1,-1,0,0
v5,c3540,c3540_trojan21,PASS,PASS,PASS_STABLE,3804.100,3590.380,1.059526,-1,-1,0,0
v5,c3540,c3540_trojan22,PASS,PASS,PASS_STABLE,3131.270,8435.320,0.371209,-1,-1,-4,-4
v5,c3540,c3540_trojan23,PASS,PASS,PASS_STABLE,3301.980,3537.440,0.933438,-1,-1,0,0
v5,c3540,c3540_trojan24,PASS,PASS,PASS_STABLE,4902.650,3575.600,1.371141,-1,-1,0,0
v5,c3540,c3540_trojan25,PASS,PASS,PASS_STABLE,573.220,505.760,1.133383,-1,-1,-4,-4
v5,c3540,c3540_trojan26,PASS,PASS,PASS_STABLE,2290.230,748.309,3.060540,-1,-1,0,0
v5,c3540,c3540_trojan27,PASS,PASS,PASS_STABLE,2184.280,1209.540,1.805877,-1,-1,0,0
v5,c3540,c3540_trojan28,PASS,PASS,PASS_STABLE,7107.000,2094.180,3.393691,-1,-1,0,0
v5,c3540,c3540_trojan29,PASS,PASS,PASS_STABLE,958.010,640.050,1.496774,-1,-1,0,0
v5,c3540,c3540_trojan3,PASS,PASS,PASS_STABLE,3087.150,2021.960,1.526811,-1,-1,-6,-6
v5,c3540,c3540_trojan30,PASS,PASS,PASS_STABLE,2825.400,1743.960,1.620106,-1,-1,0,0
v5,c3540,c3540_trojan31,PASS,PASS,PASS_STABLE,9166.780,2893.010,3.168596,-1,-1,0,0
v5,c3540,c3540_trojan32,PASS,PASS,PASS_STABLE,3080.490,1813.490,1.698653,-1,-1,0,0
v5,c3540,c3540_trojan33,PASS,PASS,PASS_STABLE,2784.170,867.308,3.210128,-1,-1,0,0
v5,c3540,c3540_trojan34,PASS,PASS,PASS_STABLE,956.882,571.236,1.675108,-1,-1,0,0
v5,c3540,c3540_trojan35,PASS,PASS,PASS_STABLE,12789.500,4708.760,2.716108,-1,-1,0,0
v5,c3540,c3540_trojan36,PASS,PASS,PASS_STABLE,9071.110,6741.450,1.345573,-1,-1,0,0
v5,c3540,c3540_trojan37,PASS,PASS,PASS_STABLE,2245.180,1620.970,1.385084,-1,-1,0,0
v5,c3540,c3540_trojan38,PASS,PASS,PASS_STABLE,2006.700,669.197,2.998669,-1,-1,0,0
v5,c3540,c3540_trojan39,PASS,PASS,PASS_STABLE,6869.740,1862.150,3.689144,-1,-1,0,0
v5,c3540,c3540_trojan4,PASS,PASS,PASS_STABLE,3589.710,2793.260,1.285133,-1,-1,0,0
v5,c3540,c3540_trojan40,PASS,PASS,PASS_STABLE,12018.700,10860.000,1.106694,-1,-1,0,0
v5,c3540,c3540_trojan41,PASS,PASS,PASS_STABLE,1706.760,969.020,1.761326,3,3,1,1
v5,c3540,c3540_trojan42,PASS,PASS,PASS_STABLE,8064.860,5087.490,1.585234,2,2,1,1
v5,c3540,c3540_trojan43,PASS,PASS,PASS_STABLE,7289.520,2750.240,2.650503,-1,-1,0,0
v5,c3540,c3540_trojan44,PASS,PASS,PASS_STABLE,1178.750,497.839,2.367733,-1,-1,0,0
v5,c3540,c3540_trojan45,PASS,PASS,PASS_STABLE,8474.970,5068.870,1.671964,-1,-1,0,0
v5,c3540,c3540_trojan46,PASS,PASS,PASS_STABLE,2221.840,1712.850,1.297160,2,2,0,0
v5,c3540,c3540_trojan47,PASS,PASS,PASS_STABLE,8943.340,3233.030,2.766241,-1,-1,0,0
v5,c3540,c3540_trojan48,PASS,PASS,PASS_STABLE,3077.910,2814.300,1.093668,-1,-1,0,0
v5,c3540,c3540_trojan49,PASS,PASS,PASS_STABLE,1576.650,997.199,1.581079,-1,-1,0,0
v5,c3540,c3540_trojan5,PASS,PASS,PASS_STABLE,8217.860,6102.170,1.346711,-1,-1,0,0
v5,c3540,c3540_trojan50,PASS,PASS,PASS_STABLE,10771.800,3703.280,2.908719,-1,-1,0,0
v5,c3540,c3540_trojan51,PASS,PASS,PASS_STABLE,4952.440,3225.790,1.535264,-1,-1,0,0
v5,c3540,c3540_trojan52,PASS,PASS,PASS_STABLE,14465.500,12616.300,1.146572,-1,-1,0,0
v5,c3540,c3540_trojan53,PASS,PASS,PASS_STABLE,15339.900,2529.870,6.063513,-1,-1,0,0
v5,c3540,c3540_trojan54,PASS,PASS,PASS_STABLE,8045.020,4841.080,1.661823,-1,-1,0,0
v5,c3540,c3540_trojan55,PASS,PASS,PASS_STABLE,8864.720,7701.040,1.151107,-1,-1,0,0
v5,c3540,c3540_trojan56,PASS,PASS,PASS_STABLE,814.343,627.845,1.297045,-1,-1,0,0
v5,c3540,c3540_trojan57,PASS,PASS,PASS_STABLE,2055.810,1221.110,1.683558,-1,-1,0,0
v5,c3540,c3540_trojan58,PASS,PASS,PASS_STABLE,2872.540,1917.910,1.497745,-1,-1,0,0
v5,c3540,c3540_trojan59,PASS,PASS,PASS_STABLE,3229.780,2640.940,1.222966,-1,-1,0,0
v5,c3540,c3540_trojan6,PASS,PASS,PASS_STABLE,1426.920,542.608,2.629744,-1,-1,0,0
v5,c3540,c3540_trojan60,PASS,PASS,PASS_STABLE,5515.720,3842.370,1.435499,-1,-1,0,0
v5,c3540,c3540_trojan61,PASS,PASS,PASS_STABLE,14762.300,12277.100,1.202426,-1,-1,0,0
v5,c3540,c3540_trojan62,PASS,PASS,PASS_STABLE,1228.200,938.161,1.309157,-1,-1,0,0
v5,c3540,c3540_trojan63,PASS,PASS,PASS_STABLE,2795.800,1756.070,1.592078,-1,-1,0,0
v5,c3540,c3540_trojan64,PASS,PASS,PASS_STABLE,3242.080,1901.650,1.704877,-1,-1,0,0
v5,c3540,c3540_trojan65,PASS,PASS,PASS_STABLE,6462.430,4377.600,1.476250,-1,-1,0,0
v5,c3540,c3540_trojan66,PASS,PASS,PASS_STABLE,15375.900,7136.170,2.154643,-1,-1,0,0
v5,c3540,c3540_trojan67,PASS,PASS,PASS_STABLE,8567.010,6888.120,1.243737,-1,-1,0,0
v5,c3540,c3540_trojan68,PASS,PASS,PASS_STABLE,8771.980,6789.430,1.292005,-1,-1,0,0
v5,c3540,c3540_trojan69,PASS,PASS,PASS_STABLE,1354.530,1027.380,1.318431,-1,-1,0,0
v5,c3540,c3540_trojan7,PASS,PASS,PASS_STABLE,1990.440,1198.780,1.660388,-1,-1,0,0
v5,c3540,c3540_trojan70,PASS,PASS,PASS_STABLE,8889.830,2647.800,3.357440,-1,-1,0,0
v5,c3540,c3540_trojan71,PASS,PASS,PASS_STABLE,2518.040,1647.280,1.528605,-1,-1,0,0
v5,c3540,c3540_trojan72,PASS,PASS,PASS_STABLE,3274.560,2028.440,1.614324,-1,-1,0,0
v5,c3540,c3540_trojan73,PASS,PASS,PASS_STABLE,3566.580,2152.180,1.657194,-1,-1,0,0
v5,c3540,c3540_trojan74,PASS,PASS,PASS_STABLE,5384.960,3448.640,1.561474,-1,-1,0,0
v5,c3540,c3540_trojan75,PASS,PASS,PASS_STABLE,652.781,507.749,1.285637,-1,-1,0,0
v5,c3540,c3540_trojan76,PASS,PASS,PASS_STABLE,1097.950,848.272,1.294337,-1,-1,0,0
v5,c3540,c3540_trojan77,PASS,PASS,PASS_STABLE,2319.550,1369.900,1.693226,-1,-1,0,0
v5,c3540,c3540_trojan78,PASS,PASS,PASS_STABLE,2015.380,741.692,2.717273,-1,-1,0,0
v5,c3540,c3540_trojan79,PASS,PASS,PASS_STABLE,3586.010,1697.360,2.112699,-1,-1,0,0
v5,c3540,c3540_trojan8,PASS,PASS,PASS_STABLE,2817.330,1689.680,1.667375,-1,-1,0,0
v5,c3540,c3540_trojan80,PASS,PASS,PASS_STABLE,3297.690,1990.030,1.657106,-1,-1,0,0
v5,c3540,c3540_trojan81,PASS,PASS,PASS_STABLE,15713.900,7666.080,2.049796,-1,-1,0,0
v5,c3540,c3540_trojan82,PASS,PASS,PASS_STABLE,3790.790,2401.280,1.578654,-1,-1,0,0
v5,c3540,c3540_trojan83,PASS,PASS,PASS_STABLE,2935.010,974.777,3.010955,-1,-1,0,0
v5,c3540,c3540_trojan84,PASS,PASS,PASS_STABLE,7133.680,3256.390,2.190671,-1,-1,0,0
v5,c3540,c3540_trojan85,PASS,PASS,PASS_STABLE,1215.120,559.889,2.170287,-1,-1,0,0
v5,c3540,c3540_trojan86,PASS,PASS,PASS_STABLE,14854.600,10820.200,1.372858,-1,-1,0,0
v5,c3540,c3540_trojan87,PASS,PASS,PASS_STABLE,573.458,509.601,1.125308,-1,-1,0,0
v5,c3540,c3540_trojan88,PASS,PASS,PASS_STABLE,5066.360,1802.330,2.811006,-1,-1,0,0
v5,c3540,c3540_trojan89,PASS,PASS,PASS_STABLE,3621.100,2092.090,1.730853,-1,-1,0,0
v5,c3540,c3540_trojan9,PASS,PASS,PASS_STABLE,3263.280,1964.330,1.661269,-1,-1,0,0
v5,c3540,c3540_trojan90,PASS,PASS,PASS_STABLE,17413.600,12768.000,1.363847,-1,-1,0,0
v5,c3540,c3540_trojan91,PASS,PASS,PASS_STABLE,1492.440,777.486,1.919572,-1,-1,0,0
v5,c3540,c3540_trojan92,PASS,PASS,PASS_STABLE,6329.560,4473.900,1.414775,1,1,0,0
v5,c3540,c3540_trojan93,PASS,PASS,PASS_STABLE,3764.900,2391.710,1.574146,-1,-1,0,0
v5,c3540,c3540_trojan94,PASS,PASS,PASS_STABLE,879.934,917.288,0.959278,-1,-1,0,0
v5,c3540,c3540_trojan95,PASS,PASS,PASS_STABLE,6289.320,4077.630,1.542396,-1,-1,0,0
v5,c3540,c3540_trojan96,PASS,PASS,PASS_STABLE,1766.060,1223.040,1.443992,1,1,0,0
v5,c3540,c3540_trojan97,PASS,PASS,PASS_STABLE,11640.800,4817.370,2.416422,-1,-1,0,0
v5,c3540,c3540_trojan98,PASS,PASS,PASS_STABLE,2648.030,1556.950,1.700780,-1,-1,0,0
v5,c3540,c3540_trojan99,PASS,PASS,PASS_STABLE,3325.830,1927.320,1.725624,-1,-1,0,0
v5,c5315,c5315_trojan0,TIMEOUT,PASS,GAIN,,48765.200,,895,-1,24,0
v5,c5315,c5315_trojan1,PASS,PASS,PASS_STABLE,55263.200,27763.500,1.990498,-1,-1,0,0
v5,c5315,c5315_trojan10,PASS,PASS,PASS_STABLE,44766.700,25285.000,1.770484,-1,-1,0,0
v5,c5315,c5315_trojan11,PASS,PASS,PASS_STABLE,26025.500,29037.200,0.896281,-1,-1,0,0
v5,c5315,c5315_trojan12,PASS,PASS,PASS_STABLE,31334.000,29334.800,1.068151,-1,-1,-4,-4
v5,c5315,c5315_trojan13,PASS,PASS,PASS_STABLE,19845.800,7101.840,2.794459,-1,-1,0,0
v5,c5315,c5315_trojan14,PASS,PASS,PASS_STABLE,49925.300,24416.600,2.044728,-1,-1,0,0
v5,c5315,c5315_trojan15,PASS,PASS,PASS_STABLE,20112.700,4759.110,4.226147,-1,-1,0,0
v5,c5315,c5315_trojan16,FAIL,PASS,GAIN,199911.000,196173.000,,,-1,,0
v5,c5315,c5315_trojan17,PASS,PASS,PASS_STABLE,1580.460,811.901,1.946617,-1,-1,0,0
v5,c5315,c5315_trojan18,CEC_FAIL,PASS,GAIN,276152.000,127893.000,,580,-1,18,0
v5,c5315,c5315_trojan19,PASS,PASS,PASS_STABLE,22438.900,9717.490,2.309125,-1,-1,0,0
v5,c5315,c5315_trojan2,TIMEOUT,PASS,GAIN,,44682.000,,,-1,,0
v5,c5315,c5315_trojan20,TIMEOUT,PASS,GAIN,,264624.000,,,-1,,0
v5,c5315,c5315_trojan21,TIMEOUT,TIMEOUT,FAIL_STABLE,,,,,,,
v5,c5315,c5315_trojan22,PASS,PASS,PASS_STABLE,34016.200,12790.400,2.659510,-1,-1,0,0
v5,c5315,c5315_trojan23,TIMEOUT,PASS,GAIN,,225319.000,,,-1,,0
v5,c5315,c5315_trojan24,TIMEOUT,PASS,GAIN,,57441.800,,,-1,,0
v5,c5315,c5315_trojan25,PASS,PASS,PASS_STABLE,21182.700,5907.930,3.585469,-1,-1,0,0
v5,c5315,c5315_trojan26,PASS,PASS,PASS_STABLE,1448.930,670.512,2.160931,-1,-1,0,0
v5,c5315,c5315_trojan27,PASS,PASS,PASS_STABLE,45066.600,16900.100,2.666647,-1,-1,0,0
v5,c5315,c5315_trojan28,PASS,PASS,PASS_STABLE,9356.710,1045.930,8.945828,-1,-1,0,0
v5,c5315,c5315_trojan29,PASS,PASS,PASS_STABLE,204681.000,15185.800,13.478447,-1,-1,0,0
v5,c5315,c5315_trojan30,PASS,PASS,PASS_STABLE,28822.900,7318.690,3.938259,-1,-1,0,0
v5,c5315,c5315_trojan31,TIMEOUT,TIMEOUT,FAIL_STABLE,,,,,,,
